workload,case,length,batch,threads_field,profile,timing_mode,avg_fwd_ms,avg_fwd_sp_gflops,avg_bwd_ms,avg_bwd_sp_gflops,avg_mem_mb,fwd_pct_of_peak,bwd_pct_of_peak,samples_ok,samples_skip,samples_expected,quality,note
throughput,n32_b1,32,1,1,cufft_gpu,compute,0.002606,0.3069838833461243,0.002509,0.3188521323236349,0.0,0.0008337893160344862,0.0008660242955702953,1,0,1,ok,-
throughput,n32_b2,32,2,1,cufft_gpu,compute,0.002597,0.6160954948016942,0.002816,0.5681818181818182,0.0,0.0016733576877827267,0.001543220850558147,1,0,1,ok,-
throughput,n32_b4,32,4,1,cufft_gpu,compute,0.00256,1.25,0.002658,1.2039127163280663,0.0,0.003395085871227923,0.003269909642717639,1,0,1,ok,-
throughput,n32_b8,32,8,1,cufft_gpu,compute,0.002662,2.4042073628850487,0.00256,2.5,0.0,0.006529992359386538,0.006790171742455846,1,0,1,ok,-
throughput,n32_b16,32,16,1,cufft_gpu,compute,0.002662,4.808414725770097,0.002677,4.781471796787448,0.01,0.013059984718773076,0.012986805872758285,1,0,1,ok,-
throughput,n32_b32,32,32,1,cufft_gpu,compute,0.002867,8.929194279734915,0.002963,8.639892001349983,0.02,0.024252305072461764,0.023466540210174778,1,0,1,ok,-
throughput,n32_b64,32,64,1,cufft_gpu,compute,0.002907,17.61265909872721,0.002856,17.92717086834734,0.03,0.04783719204867415,0.048691427620971894,1,0,1,ok,-
throughput,n32_b128,32,128,1,cufft_gpu,compute,0.002931,34.936881610371884,0.002918,35.09252912954078,0.06,0.09489097051210899,0.09531371986668659,1,0,1,ok,-
throughput,n32_b256,32,256,1,cufft_gpu,compute,0.00297,68.95622895622895,0.002918,70.18505825908156,0.12,0.1872898549299606,0.19062743973337318,1,0,1,ok,-
throughput,n32_b512,32,512,1,cufft_gpu,compute,0.002918,140.37011651816312,0.00297,137.9124579124579,0.25,0.38125487946674635,0.3745797098599212,1,0,1,ok,-
throughput,n32_b1024,32,1024,1,cufft_gpu,compute,0.003027,270.6309877766766,0.003029,270.4522944866292,0.5,0.7350523543336412,0.7345670110821827,1,0,1,ok,-
throughput,n32_b2048,32,2048,1,cufft_gpu,compute,0.003226,507.8735275883447,0.003226,507.8735275883447,1.0,1.3794193903086993,1.3794193903086993,1,0,1,ok,-
throughput,n32_b4096,32,4096,1,cufft_gpu,compute,0.004184,783.1739961759082,0.004045,810.0865265760198,2.0,2.12715437530395,2.2002506566802786,1,0,1,ok,-
throughput,n32_b8192,32,8192,1,cufft_gpu,compute,0.005478,1196.3490324936108,0.005478,1196.3490324936108,4.0,3.249366157821003,3.249366157821003,1,0,1,ok,-
throughput,n32_b16384,32,16384,1,cufft_gpu,compute,0.012643,1036.7159693110812,0.01253,1046.0654429369513,8.0,2.81579179190753,2.841185604556018,1,0,1,ok,-
throughput,n32_b32768,32,32768,1,cufft_gpu,compute,0.026214,1000.0152590218967,0.026317,996.1013793365505,16.0,2.7161101415340587,2.7054797754369346,1,0,1,ok,-
throughput,n32_b65536,32,65536,1,cufft_gpu,compute,0.050586,1036.4290515162297,0.050598,1036.1832483497371,32.0,2.815012503466327,2.8143448851801973,1,0,1,ok,-
throughput,n64_b1,64,1,1,cufft_gpu,compute,0.002355,0.8152866242038217,0.002406,0.7980049875311721,0.0,0.0022143744790684037,0.002167436366669198,1,0,1,ok,-
throughput,n64_b2,64,2,1,cufft_gpu,compute,0.002406,1.5960099750623442,0.002402,1.5986677768526227,0.0,0.004334872733338396,0.004342091505583755,1,0,1,ok,-
throughput,n64_b4,64,4,1,cufft_gpu,compute,0.002355,3.261146496815287,0.002406,3.1920199501246884,0.0,0.008857497916273615,0.008669745466676792,1,0,1,ok,-
throughput,n64_b8,64,8,1,cufft_gpu,compute,0.002406,6.384039900249377,0.002406,6.384039900249377,0.01,0.017339490933353584,0.017339490933353584,1,0,1,ok,-
throughput,n64_b16,64,16,1,cufft_gpu,compute,0.002458,12.497965825874696,0.002458,12.497965825874696,0.02,0.03394533375561328,0.03394533375561328,1,0,1,ok,-
throughput,n64_b32,64,32,1,cufft_gpu,compute,0.00256,24.0,0.002509,24.48784376245516,0.03,0.06518564872757612,0.06651066589979868,1,0,1,ok,-
throughput,n64_b64,64,64,1,cufft_gpu,compute,0.002549,48.2071400549235,0.002803,43.83874420264003,0.06,0.13093390407422117,0.11906904084380655,1,0,1,ok,-
throughput,n64_b128,64,128,1,cufft_gpu,compute,0.002502,98.22541966426859,0.002509,97.95137504982064,0.12,0.2667869875980734,0.2660426635991947,1,0,1,ok,-
throughput,n64_b256,64,256,1,cufft_gpu,compute,0.00256,192.0,0.002509,195.90275009964128,0.25,0.521485189820609,0.5320853271983894,1,0,1,ok,-
throughput,n64_b512,64,512,1,cufft_gpu,compute,0.002714,362.210759027266,0.002699,364.22378658762506,0.5,0.9837893043041703,0.9892568254470242,1,0,1,ok,-
throughput,n64_b1024,64,1024,1,cufft_gpu,compute,0.003072,640.0,0.003061,642.2999019928128,1.0,1.7382839660686966,1.7445306578775028,1,0,1,ok,-
throughput,n64_b2048,64,2048,1,cufft_gpu,compute,0.003738,1051.9422150882824,0.003738,1051.9422150882824,2.0,2.857147321435546,2.857147321435546,1,0,1,ok,-
throughput,n64_b4096,64,4096,1,cufft_gpu,compute,0.004557,1725.7669519420672,0.004506,1745.2996005326231,4.0,4.687301596456472,4.740353611862438,1,0,1,ok,-
throughput,n64_b8192,64,8192,1,cufft_gpu,compute,0.012792,1229.5684803001877,0.012032,1307.2340425531916,8.0,3.339592460139485,3.550537462608402,1,0,1,ok,-
throughput,n64_b16384,64,16384,1,cufft_gpu,compute,0.026419,1190.7066883682198,0.026414,1190.9320814719467,16.0,3.2340411635644264,3.2346533467179746,1,0,1,ok,-
throughput,n64_b32768,64,32768,1,cufft_gpu,compute,0.05139,1224.25685931115,0.051339,1225.4730321977445,32.0,3.3251657326409254,3.3284689417483233,1,0,1,ok,-
throughput,n64_b65536,64,65536,1,cufft_gpu,compute,0.100184,1255.980196438553,0.100146,1256.4567731112575,64.0,3.4113284955764827,3.412622910558927,1,0,1,ok,-
throughput,n128_b1,128,1,1,cufft_gpu,compute,0.002621,1.70927127050744,0.00261,1.7164750957854407,0.0,0.004642498192476489,0.004662064276812597,1,0,1,ok,-
throughput,n128_b2,128,2,1,cufft_gpu,compute,0.002654,3.3760361718161267,0.002608,3.4355828220858897,0.0,0.00916954616614987,0.00933127895895773,1,0,1,ok,-
throughput,n128_b4,128,4,1,cufft_gpu,compute,0.002714,6.60280029476787,0.002613,6.858017604286261,0.01,0.017933659193044772,0.018626846938355725,1,0,1,ok,-
throughput,n128_b8,128,8,1,cufft_gpu,compute,0.002765,12.962025316455696,0.002714,13.20560058953574,0.02,0.03520575121151791,0.035867318386089544,1,0,1,ok,-
throughput,n128_b16,128,16,1,cufft_gpu,compute,0.002714,26.41120117907148,0.002714,26.41120117907148,0.03,0.07173463677217909,0.07173463677217909,1,0,1,ok,-
throughput,n128_b32,128,32,1,cufft_gpu,compute,0.002714,52.82240235814296,0.002749,52.1498726809749,0.06,0.14346927354435818,0.14164263674041036,1,0,1,ok,-
throughput,n128_b64,128,64,1,cufft_gpu,compute,0.002699,106.23193775472397,0.002704,106.03550295857988,0.12,0.288533240755382,0.287999710354577,1,0,1,ok,-
throughput,n128_b128,128,128,1,cufft_gpu,compute,0.002757,207.99419659049693,0.002714,211.28960943257184,0.25,0.5649265265134394,0.5738770941774327,1,0,1,ok,-
throughput,n128_b256,128,256,1,cufft_gpu,compute,0.002918,393.03632625085675,0.002909,394.252320385012,0.5,1.0675136625068897,1.070816386110383,1,0,1,ok,-
throughput,n128_b512,128,512,1,cufft_gpu,compute,0.003226,711.0229386236825,0.003226,711.0229386236825,1.0,1.9311871464321788,1.9311871464321788,1,0,1,ok,-
throughput,n128_b1024,128,1024,1,cufft_gpu,compute,0.003936,1165.5284552845528,0.003888,1179.9176954732511,2.0,3.1656553528405533,3.204737517690437,1,0,1,ok,-
throughput,n128_b2048,128,2048,1,cufft_gpu,compute,0.005016,1829.1547049441785,0.004899,1872.8393549704022,4.0,4.968109836036849,5.086760346511704,1,0,1,ok,-
throughput,n128_b4096,128,4096,1,cufft_gpu,compute,0.013526,1356.6523732071566,0.01321,1389.10522331567,8.0,3.6847610435547598,3.772905213862352,1,0,1,ok,-
throughput,n128_b8192,128,8192,1,cufft_gpu,compute,0.027098,1354.3493984795925,0.027085,1354.9994461879269,16.0,3.6785060059872814,3.680271580219433,1,0,1,ok,-
throughput,n128_b16384,128,16384,1,cufft_gpu,compute,0.051405,1427.8828907693803,0.051448,1426.6894728658062,32.0,3.8782280225753656,3.87498661756505,1,0,1,ok,-
throughput,n128_b32768,128,32768,1,cufft_gpu,compute,0.100557,1459.8748968246864,0.100557,1459.8748968246864,64.0,3.9651205087758523,3.9651205087758523,1,0,1,ok,-
throughput,n128_b65536,128,65536,1,cufft_gpu,compute,0.198192,1481.3982400904174,0.198038,1482.5502176349994,128.0,4.023579387674309,4.026708237822776,1,0,1,ok,-
throughput,n256_b1,256,1,1,cufft_gpu,compute,0.002762,3.7074583635047067,0.002714,3.7730287398673545,0.0,0.010069711606480502,0.01024780525316844,1,0,1,ok,-
throughput,n256_b2,256,2,1,cufft_gpu,compute,0.002714,7.546057479734709,0.002714,7.546057479734709,0.01,0.02049561050633688,0.02049561050633688,1,0,1,ok,-
throughput,n256_b4,256,4,1,cufft_gpu,compute,0.002765,14.81374321880651,0.002765,14.81374321880651,0.02,0.04023514424173475,0.04023514424173475,1,0,1,ok,-
throughput,n256_b8,256,8,1,cufft_gpu,compute,0.002816,29.09090909090909,0.002765,29.62748643761302,0.03,0.07901290754857712,0.0804702884834695,1,0,1,ok,-
throughput,n256_b16,256,16,1,cufft_gpu,compute,0.002765,59.25497287522604,0.002714,60.36845983787767,0.06,0.160940576966939,0.16396488405069504,1,0,1,ok,-
throughput,n256_b32,256,32,1,cufft_gpu,compute,0.002765,118.50994575045208,0.002765,118.50994575045208,0.12,0.321881153933878,0.321881153933878,1,0,1,ok,-
throughput,n256_b64,256,64,1,cufft_gpu,compute,0.002918,224.592186429061,0.002867,228.5873735612138,0.25,0.6100078071467941,0.6208590098550211,1,0,1,ok,-
throughput,n256_b128,256,128,1,cufft_gpu,compute,0.003072,426.6666666666667,0.003021,433.8695796094009,0.5,1.1588559773791314,1.1784195837499805,1,0,1,ok,-
throughput,n256_b256,256,256,1,cufft_gpu,compute,0.003277,799.9511748550503,0.003226,812.5976441413516,1.0,2.1727223451380473,2.207071024493919,1,0,1,ok,-
throughput,n256_b512,256,512,1,cufft_gpu,compute,0.003939,1331.018024879411,0.003883,1350.2137522534124,2.0,3.615136392494228,3.66727330673056,1,0,1,ok,-
throughput,n256_b1024,256,1024,1,cufft_gpu,compute,0.00512,2048.0,0.005184,2022.716049382716,4.0,5.562508691419829,5.493835744612177,1,0,1,ok,-
throughput,n256_b2048,256,2048,1,cufft_gpu,compute,0.013568,1545.6603773584907,0.013208,1587.7892186553604,8.0,4.198119767109305,4.31254459419587,1,0,1,ok,-
throughput,n256_b4096,256,4096,1,cufft_gpu,compute,0.026989,1554.0790692504354,0.026555,1579.4780643946526,16.0,4.220985512626555,4.28997092827257,1,0,1,ok,-
throughput,n256_b8192,256,8192,1,cufft_gpu,compute,0.051354,1633.4867780503953,0.051464,1629.995336545935,32.0,4.436662304797216,4.427179309819606,1,0,1,ok,-
throughput,n256_b16384,256,16384,1,cufft_gpu,compute,0.100344,1671.9700231204656,0.099994,1677.8222693361602,64.0,4.541185442090334,4.5570805448438145,1,0,1,ok,-
throughput,n256_b32768,256,32768,1,cufft_gpu,compute,0.197478,1699.1478544445458,0.197939,1695.1905384992347,128.0,4.615002299001534,4.604253957038405,1,0,1,ok,-
throughput,n256_b65536,256,65536,1,cufft_gpu,compute,0.392504,1709.7625501905713,0.392141,1711.3452559156017,256.0,4.643832541845305,4.648131279321595,1,0,1,ok,-
throughput,n512_b1,512,1,1,cufft_gpu,compute,0.003123,7.377521613832853,0.003085,7.46839546191248,0.01,0.020037855516642035,0.02028467513078544,1,0,1,ok,-
throughput,n512_b2,512,2,1,cufft_gpu,compute,0.003123,14.755043227665706,0.003123,14.755043227665706,0.02,0.04007571103328407,0.04007571103328407,1,0,1,ok,-
throughput,n512_b4,512,4,1,cufft_gpu,compute,0.003219,28.63000931966449,0.003219,28.63000931966449,0.03,0.07776107210745335,0.07776107210745335,1,0,1,ok,-
throughput,n512_b8,512,8,1,cufft_gpu,compute,0.003226,57.13577185368878,0.003174,58.071833648393195,0.06,0.1551846814097287,0.15772708954876644,1,0,1,ok,-
throughput,n512_b16,512,16,1,cufft_gpu,compute,0.003226,114.27154370737756,0.003174,116.14366729678639,0.12,0.3103693628194574,0.31545417909753287,1,0,1,ok,-
throughput,n512_b32,512,32,1,cufft_gpu,compute,0.003226,228.54308741475512,0.003226,228.54308741475512,0.25,0.6207387256389147,0.6207387256389147,1,0,1,ok,-
throughput,n512_b64,512,64,1,cufft_gpu,compute,0.003379,436.3894643385617,0.003363,438.4656556645852,0.5,1.185263763782858,1.1909028420524168,1,0,1,ok,-
throughput,n512_b128,512,128,1,cufft_gpu,compute,0.003584,822.8571428571429,0.003533,834.7353523917351,1.0,2.2349365278026103,2.267198560895713,1,0,1,ok,-
throughput,n512_b256,512,256,1,cufft_gpu,compute,0.004355,1354.3605051664754,0.004403,1339.5957301839655,2.0,3.678536172511851,3.638434029363868,1,0,1,ok,-
throughput,n512_b512,512,512,1,cufft_gpu,compute,0.005632,2094.5454545454545,0.005632,2094.5454545454545,4.0,5.688929343497553,5.688929343497553,1,0,1,ok,-
throughput,n512_b1024,512,1024,1,cufft_gpu,compute,0.01449,1628.223602484472,0.013875,1700.3935135135134,8.0,4.422367158395889,4.6183855946058685,1,0,1,ok,-
throughput,n512_b2048,512,2048,1,cufft_gpu,compute,0.027597,1709.820632677465,0.027392,1722.6168224299065,16.0,4.6439902978698,4.678745628297053,1,0,1,ok,-
throughput,n512_b4096,512,4096,1,cufft_gpu,compute,0.051978,1815.611220131594,0.052019,1814.1802033872239,32.0,4.931324800889333,4.927438061105091,1,0,1,ok,-
throughput,n512_b8192,512,8192,1,cufft_gpu,compute,0.101171,1865.5907325221654,0.10112,1866.5316455696202,64.0,5.0670725899838045,5.069628174458579,1,0,1,ok,-
throughput,n512_b16384,512,16384,1,cufft_gpu,compute,0.198622,1900.5314617716065,0.198298,1903.6367487317068,128.0,5.161974010947946,5.1704081836554225,1,0,1,ok,-
throughput,n512_b32768,512,32768,1,cufft_gpu,compute,0.39383,1917.0066272249449,0.394138,1915.508578213722,256.0,5.206721692113364,5.202652888087437,1,0,1,ok,-
throughput,n512_b65536,512,65536,1,cufft_gpu,compute,0.784538,1924.6351865684007,0.783923,1926.1450933318706,512.0,5.227441383349197,5.231542393844819,1,0,1,ok,-
throughput,n1024_b1,1024,1,1,cufft_gpu,compute,0.00343,14.927113702623906,0.003427,14.940180916253283,0.02,0.04054306626399292,0.040578557713888457,1,0,1,ok,-
throughput,n1024_b2,1024,2,1,cufft_gpu,compute,0.00384,26.666666666666668,0.00384,26.666666666666668,0.03,0.07242849858619571,0.07242849858619571,1,0,1,ok,-
throughput,n1024_b4,1024,4,1,cufft_gpu,compute,0.00384,53.333333333333336,0.00384,53.333333333333336,0.06,0.14485699717239142,0.14485699717239142,1,0,1,ok,-
throughput,n1024_b8,1024,8,1,cufft_gpu,compute,0.003888,105.34979423868313,0.003891,105.26856849139038,0.12,0.2861372783652176,0.28591666365560675,1,0,1,ok,-
throughput,n1024_b16,1024,16,1,cufft_gpu,compute,0.003886,210.8080288214102,0.003883,210.97089878959568,0.25,0.5725690881543829,0.5730114541766499,1,0,1,ok,-
throughput,n1024_b32,1024,32,1,cufft_gpu,compute,0.00384,426.6666666666667,0.00384,426.6666666666667,0.5,1.1588559773791314,1.1588559773791314,1,0,1,ok,-
throughput,n1024_b64,1024,64,1,cufft_gpu,compute,0.003942,831.2531709791983,0.003893,841.7159003339327,1.0,2.2577407169639083,2.2861582086493004,1,0,1,ok,-
throughput,n1024_b128,1024,128,1,cufft_gpu,compute,0.004451,1472.3882273646373,0.004454,1471.39649753031,2.0,3.9991075741504054,3.996413967791526,1,0,1,ok,-
throughput,n1024_b256,1024,256,1,cufft_gpu,compute,0.005837,2245.5370909713893,0.005786,2265.3301071552023,4.0,6.099033000700173,6.152792192375892,1,0,1,ok,-
throughput,n1024_b512,1024,512,1,cufft_gpu,compute,0.015053,1741.4734604397795,0.01495,1753.4715719063545,8.0,4.729961552525996,4.762549247503266,1,0,1,ok,-
throughput,n1024_b1024,1024,1024,1,cufft_gpu,compute,0.026112,2007.8431372549019,0.025907,2023.731037943413,16.0,5.453439893548852,5.4965925232696815,1,0,1,ok,-
throughput,n1024_b2048,1024,2048,1,cufft_gpu,compute,0.050688,2068.686868686869,0.050739,2066.6075405506613,32.0,5.618695647898818,5.61304804983731,1,0,1,ok,-
throughput,n1024_b4096,1024,4096,1,cufft_gpu,compute,0.099853,2100.2393518472154,0.099789,2101.5863471925763,64.0,5.704394359722698,5.708052891615213,1,0,1,ok,-
throughput,n1024_b8192,1024,8192,1,cufft_gpu,compute,0.198093,2117.340844956662,0.19785,2119.9413697245386,128.0,5.750843189828924,5.757906393746682,1,0,1,ok,-
throughput,n1024_b16384,1024,16384,1,cufft_gpu,compute,0.394178,2128.126886837926,0.394035,2128.8992094610885,256.0,5.780138820546966,5.782236501847709,1,0,1,ok,-
throughput,n1024_b32768,1024,32768,1,cufft_gpu,compute,0.786125,2134.1664493560183,0.786022,2134.446109650875,512.0,5.796542687245824,5.797302263818474,1,0,1,ok,-
throughput,n1024_b65536,1024,65536,1,cufft_gpu,compute,1.56969,2137.6470513286063,1.569894,2137.369274613445,1024.0,5.805996241310226,5.8052417806694265,1,0,1,ok,-
throughput,n2048_b1,2048,1,1,cufft_gpu,compute,0.004342,25.94196222938738,0.004347,25.912123303427652,0.03,0.07046015154953722,0.07037910697678644,1,0,1,ok,-
throughput,n2048_b2,2048,2,1,cufft_gpu,compute,0.005018,44.894380231167794,0.005016,44.91228070175438,0.06,0.12193622081629758,0.12198483972411905,1,0,1,ok,-
throughput,n2048_b4,2048,4,1,cufft_gpu,compute,0.005018,89.78876046233559,0.005018,89.78876046233559,0.12,0.24387244163259517,0.24387244163259517,1,0,1,ok,-
throughput,n2048_b8,2048,8,1,cufft_gpu,compute,0.00512,176.0,0.00512,176.0,0.25,0.4780280906688916,0.4780280906688916,1,0,1,ok,-
throughput,n2048_b16,2048,16,1,cufft_gpu,compute,0.00512,352.0,0.00516,349.27131782945736,0.5,0.9560561813377833,0.9486448931103584,1,0,1,ok,-
throughput,n2048_b32,2048,32,1,cufft_gpu,compute,0.005171,697.0566621543222,0.005213,691.4406291962401,1.0,1.8932537801003484,1.8780002487816805,1,0,1,ok,-
throughput,n2048_b64,2048,64,1,cufft_gpu,compute,0.005235,1377.069723018147,0.005222,1380.4978935273841,2.0,3.7402159682517286,3.7495271148597853,1,0,1,ok,-
throughput,n2048_b128,2048,128,1,cufft_gpu,compute,0.006656,2166.153846153846,0.006656,2166.153846153846,4.0,5.883422654386359,5.883422654386359,1,0,1,ok,-
throughput,n2048_b256,2048,256,1,cufft_gpu,compute,0.016742,1722.365308804205,0.016538,1743.6110775184425,8.0,4.67806250001142,4.735767467359487,1,0,1,ok,-
throughput,n2048_b512,2048,512,1,cufft_gpu,compute,0.026163,2204.3221343118144,0.026413,2183.4581456101164,16.0,5.987090347069618,5.930422320462743,1,0,1,ok,-
throughput,n2048_b1024,2048,1024,1,cufft_gpu,compute,0.050931,2264.6985136753647,0.051046,2259.59644242448,32.0,6.1510767410960865,6.137219165081785,1,0,1,ok,-
throughput,n2048_b2048,2048,2048,1,cufft_gpu,compute,0.099789,2311.7449819118337,0.099787,2311.791315502019,64.0,6.2788581807767345,6.278984025990655,1,0,1,ok,-
throughput,n2048_b4096,2048,4096,1,cufft_gpu,compute,0.197427,2336.9318279667928,0.197325,2338.1398200937538,128.0,6.347267384922321,6.3505483745245614,1,0,1,ok,-
throughput,n2048_b8192,2048,8192,1,cufft_gpu,compute,0.392704,2349.7262059973923,0.39285,2348.8529464172075,256.0,6.382017794588592,6.379645961578511,1,0,1,ok,-
throughput,n2048_b16384,2048,16384,1,cufft_gpu,compute,0.783667,2354.946373906264,0.784128,2353.561867450212,512.0,6.396196129238869,6.392435714592817,1,0,1,ok,-
throughput,n2048_b32768,2048,32768,1,cufft_gpu,compute,1.565843,2357.1887603035552,1.56585,2357.1782226905516,1024.0,6.402286604739091,6.402257983858271,1,0,1,ok,-
throughput,n2048_b65536,2048,65536,1,cufft_gpu,compute,3.129344,2358.952879581152,3.130306,2358.22793043236,2048.0,6.407078073886715,6.405109062196778,1,0,1,ok,-
throughput,n4096_b1,4096,1,1,cufft_gpu,compute,0.004813,51.061707874506546,0.00485,50.672164948453606,0.06,0.1386871063724038,0.13762908102482052,1,0,1,ok,-
throughput,n4096_b2,4096,2,1,cufft_gpu,compute,0.004864,101.05263157894737,0.004813,102.12341574901309,0.12,0.2744658893792679,0.2773742127448076,1,0,1,ok,-
throughput,n4096_b4,4096,4,1,cufft_gpu,compute,0.004966,197.95408779701972,0.004966,197.95408779701972,0.25,0.5376569013051787,0.5376569013051787,1,0,1,ok,-
throughput,n4096_b8,4096,8,1,cufft_gpu,compute,0.005008,392.5878594249201,0.004974,395.2714113389626,0.5,1.0662955957993283,1.0735843071497861,1,0,1,ok,-
throughput,n4096_b16,4096,16,1,cufft_gpu,compute,0.005011,784.7056475753343,0.004966,791.8163511880789,1.0,2.1313144457246205,2.150627605220715,1,0,1,ok,-
throughput,n4096_b32,4096,32,1,cufft_gpu,compute,0.00512,1536.0,0.005171,1520.850899245794,2.0,4.171881518564872,4.130735520218941,1,0,1,ok,-
throughput,n4096_b64,4096,64,1,cufft_gpu,compute,0.006451,2438.170826228492,0.006502,2419.0464472470007,4.0,6.622239459014772,6.570296331913917,1,0,1,ok,-
throughput,n4096_b128,4096,128,1,cufft_gpu,compute,0.015462,2034.489716724874,0.015218,2067.110001314233,8.0,5.525813833928895,5.61441276778871,1,0,1,ok,-
throughput,n4096_b256,4096,256,1,cufft_gpu,compute,0.027034,2327.2382925205297,0.026982,2331.7233711363133,16.0,6.320939076733637,6.333120858365473,1,0,1,ok,-
throughput,n4096_b512,4096,512,1,cufft_gpu,compute,0.05375,2341.00688372093,0.053389,2356.8360523703386,32.0,6.358335516294592,6.401328625762504,1,0,1,ok,-
throughput,n4096_b1024,4096,1024,1,cufft_gpu,compute,0.099269,2535.1140839537015,0.099379,2532.308032884211,64.0,6.885544006705705,6.877922579233728,1,0,1,ok,-
throughput,n4096_b2048,4096,2048,1,cufft_gpu,compute,0.197018,2554.6725679887118,0.196658,2559.3491238596957,128.0,6.938666192953625,6.9513680399644935,1,0,1,ok,-
throughput,n4096_b4096,4096,4096,1,cufft_gpu,compute,0.392294,2566.016711955829,0.392038,2567.6923155408404,256.0,6.969477667276774,6.974028721722575,1,0,1,ok,-
throughput,n4096_b8192,4096,8192,1,cufft_gpu,compute,0.783656,2569.068468817951,0.783507,2569.557030122258,512.0,6.977766448560784,6.979093414625969,1,0,1,ok,-
throughput,n4096_b16384,4096,16384,1,cufft_gpu,compute,1.565683,2571.741431694666,1.565798,2571.5525502012392,1024.0,6.985026399358426,6.98451338424669,1,0,1,ok,-
throughput,n4096_b32768,4096,32768,1,cufft_gpu,compute,3.129805,2573.0240957503743,3.129498,2573.276506327852,2048.0,6.988510203048879,6.989195767517153,1,0,1,ok,-
throughput,n4096_b65536,4096,65536,1,cufft_gpu,compute,6.256229,2574.4146130200797,6.257766,2573.7822986669685,4096.0,6.9922869434777395,6.990569534256601,1,0,1,ok,-
throughput,n8192_b1,8192,1,1,cufft_gpu,compute,0.008304,64.1233140655106,0.008346,63.8006230529595,0.12,0.17416332608010063,0.17328687512211308,1,0,1,ok,-
throughput,n8192_b2,8192,2,1,cufft_gpu,compute,0.008038,132.49066932072654,0.007834,135.9407709982129,0.25,0.35985375958426363,0.36922447275189063,1,0,1,ok,-
throughput,n8192_b4,8192,4,1,cufft_gpu,compute,0.007987,266.67334418429954,0.007936,268.38709677419354,0.5,0.7243031224585731,0.7289577922223566,1,0,1,ok,-
throughput,n8192_b8,8192,8,1,cufft_gpu,compute,0.007987,533.3466883685991,0.007936,536.7741935483871,1.0,1.4486062449171462,1.4579155844447131,1,0,1,ok,-
throughput,n8192_b16,8192,16,1,cufft_gpu,compute,0.007936,1073.5483870967741,0.007936,1073.5483870967741,2.0,2.9158311688894263,2.9158311688894263,1,0,1,ok,-
throughput,n8192_b32,8192,32,1,cufft_gpu,compute,0.007974,2136.864810634562,0.007893,2158.7938679842896,4.0,5.803871621847627,5.863432448069552,1,0,1,ok,-
throughput,n8192_b64,8192,64,1,cufft_gpu,compute,0.017562,1940.4805830770983,0.01751,1946.2432895488294,8.0,5.270478568797744,5.28613047545551,1,0,1,ok,-
throughput,n8192_b128,8192,128,1,cufft_gpu,compute,0.029894,2279.9705626547134,0.029696,2295.1724137931033,16.0,6.192556675267676,6.233845947280843,1,0,1,ok,-
throughput,n8192_b256,8192,256,1,cufft_gpu,compute,0.05564,2449.9439252336447,0.055965,2435.7166085946574,32.0,6.654216004689141,6.6155736353239325,1,0,1,ok,-
throughput,n8192_b512,8192,512,1,cufft_gpu,compute,0.108099,2522.0377616814217,0.108339,2516.4507702674014,64.0,6.850027817110313,6.834853164620383,1,0,1,ok,-
throughput,n8192_b1024,8192,1024,1,cufft_gpu,compute,0.200346,2721.589250596468,0.200448,2720.2043422733077,128.0,7.392023369588688,7.3882618634439625,1,0,1,ok,-
throughput,n8192_b2048,8192,2048,1,cufft_gpu,compute,0.395878,2754.684625061256,0.396426,2750.876683164071,256.0,7.481912680187408,7.471570048400535,1,0,1,ok,-
throughput,n8192_b4096,8192,4096,1,cufft_gpu,compute,0.789141,2763.8129054250126,0.787605,2769.2029380209624,512.0,7.506705716740686,7.521345415550258,1,0,1,ok,-
throughput,n8192_b8192,8192,8192,1,cufft_gpu,compute,1.571277,2776.1344180561414,1.571618,2775.532069497804,1024.0,7.540171791497567,7.538535771433595,1,0,1,ok,-
throughput,n8192_b16384,8192,16384,1,cufft_gpu,compute,3.137741,2780.3927475212263,3.137485,2780.619610930411,2048.0,7.551737706859122,7.552353883463299,1,0,1,ok,-
throughput,n8192_b32768,8192,32768,1,cufft_gpu,compute,6.270218,2782.72695462901,6.269184,2783.1859202090736,4096.0,7.5580775737168455,7.55932415576185,1,0,1,ok,-
throughput,n8192_b65536,8192,65536,1,cufft_gpu,compute,nan,nan,nan,nan,8192.0,nan,nan,0,1,1,ok,CUFFT_INTERNAL_ERROR
throughput,n16384_b1,16384,1,1,cufft_gpu,compute,0.010342,110.8953780700058,0.010282,111.54250145886014,0.25,0.3011994650159645,0.3029570965955169,1,0,1,ok,-
throughput,n16384_b2,16384,2,1,cufft_gpu,compute,0.010333,221.98393496564404,0.010291,222.8899037994364,0.5,0.602923616993149,0.605384290583054,1,0,1,ok,-
throughput,n16384_b4,16384,4,1,cufft_gpu,compute,0.010293,445.6931895462936,0.010291,445.7798075988728,1.0,1.210533320584904,1.210768581166108,1,0,1,ok,-
throughput,n16384_b8,16384,8,1,cufft_gpu,compute,0.010394,882.7246488358669,0.010379,884.0003853935832,2.0,2.3975407867578253,2.401005774887835,1,0,1,ok,-
throughput,n16384_b16,16384,16,1,cufft_gpu,compute,0.016165,1135.173523043613,0.016179,1134.1912355522593,4.0,3.0832092715819166,3.080541311275214,1,0,1,ok,-
throughput,n16384_b32,16384,32,1,cufft_gpu,compute,0.02345,1565.0388059701493,0.023603,1554.8938694233784,8.0,4.2507529104581385,4.223198565870582,1,0,1,ok,-
throughput,n16384_b64,16384,64,1,cufft_gpu,compute,0.037325,1966.5189551239116,0.037478,1958.490847964139,16.0,5.341200576034473,5.319395685481794,1,0,1,ok,-
throughput,n16384_b128,16384,128,1,cufft_gpu,compute,0.071782,2045.089855395503,0.071731,2046.5438931563758,32.0,5.554604538755863,5.558553805202401,1,0,1,ok,-
throughput,n16384_b256,16384,256,1,cufft_gpu,compute,0.132707,2212.402360086506,0.133478,2199.623009035197,64.0,6.0090367953608075,5.974327200002598,1,0,1,ok,-
throughput,n16384_b512,16384,512,1,cufft_gpu,compute,0.234854,2500.2876680831496,0.234342,2505.7503989895113,128.0,6.79095306873161,6.805790221146417,1,0,1,ok,-
throughput,n16384_b1024,16384,1024,1,cufft_gpu,compute,0.418544,2805.929890286326,0.419942,2796.5888622714565,256.0,7.621098340933777,7.595727467144957,1,0,1,ok,-
throughput,n16384_b2048,16384,2048,1,cufft_gpu,compute,0.810549,2897.8016628235923,0.809979,2899.8409094556773,512.0,7.870628386458528,7.876167120401361,1,0,1,ok,-
throughput,n16384_b4096,16384,4096,1,cufft_gpu,compute,1.598106,2939.492424157096,1.59657,2942.3203993561197,1024.0,7.9838633582698195,7.99154433318373,1,0,1,ok,-
throughput,n16384_b8192,16384,8192,1,cufft_gpu,compute,3.173171,2960.8366394373325,3.174853,2959.2680228029453,2048.0,8.041835713254123,8.037575242715898,1,0,1,ok,-
throughput,n16384_b16384,16384,16384,1,cufft_gpu,compute,6.325504,2970.590473106965,6.329549,2968.6920695297563,4096.0,8.068327795559783,8.063171601029488,1,0,1,ok,-
throughput,n16384_b32768,16384,32768,1,cufft_gpu,compute,nan,nan,nan,nan,8192.0,nan,nan,0,1,1,ok,CUFFT_INTERNAL_ERROR
throughput,n16384_b65536,16384,65536,1,cufft_gpu,compute,nan,nan,nan,nan,16384.0,nan,nan,0,1,1,ok,memory_limit
throughput,n32768_b1,32768,1,1,cufft_gpu,compute,0.00829,296.453558504222,0.008192,300.0,0.5,0.8051882303623397,0.8148206090947016,1,0,1,ok,-
throughput,n32768_b2,32768,2,1,cufft_gpu,compute,0.008243,596.2877593109305,0.00824,596.504854368932,1.0,1.6195585174581573,1.6201481625494647,1,0,1,ok,-
throughput,n32768_b4,32768,4,1,cufft_gpu,compute,0.008699,1130.0609265432809,0.008642,1137.514464244388,2.0,3.069323108267063,3.089567428698818,1,0,1,ok,-
throughput,n32768_b8,32768,8,1,cufft_gpu,compute,0.01408,1396.3636363636363,0.014045,1399.8433606265576,4.0,3.7926195623317014,3.802070732476352,1,0,1,ok,-
throughput,n32768_b16,32768,16,1,cufft_gpu,compute,0.025139,1564.1672302000875,0.025139,1564.1672302000875,8.0,4.248385650792025,4.248385650792025,1,0,1,ok,-
throughput,n32768_b32,32768,32,1,cufft_gpu,compute,0.057088,1377.578475336323,0.056781,1385.0266814603476,16.0,3.7415977744976434,3.761827613999779,1,0,1,ok,-
throughput,n32768_b64,32768,64,1,cufft_gpu,compute,0.110027,1429.5254801094277,0.110234,1426.8410835132536,32.0,3.882689408063865,3.875398402498711,1,0,1,ok,-
throughput,n32768_b128,32768,128,1,cufft_gpu,compute,0.21504,1462.857142857143,0.214733,1464.94856403068,64.0,3.973220493871307,3.978900937452957,1,0,1,ok,-
throughput,n32768_b256,32768,256,1,cufft_gpu,compute,0.424346,1482.6240850626612,0.424448,1482.2677925211099,128.0,4.026908866830774,4.025941151811698,1,0,1,ok,-
throughput,n32768_b512,32768,512,1,cufft_gpu,compute,0.793498,1585.752201013739,0.793656,1585.4365115364844,256.0,4.307011914344262,4.306154480037124,1,0,1,ok,-
throughput,n32768_b1024,32768,1024,1,cufft_gpu,compute,1.581107,1591.658502555488,1.581666,1591.095970957206,512.0,4.3230538350767445,4.321525960611587,1,0,1,ok,-
throughput,n32768_b2048,32768,2048,1,cufft_gpu,compute,3.15817,1593.6966027794576,3.157542,1594.013571315916,1024.0,4.328589455296382,4.329450363616184,1,0,1,ok,-
throughput,n32768_b4096,32768,4096,1,cufft_gpu,compute,6.312288,1594.7196325642935,6.306702,1596.1321146932264,2048.0,4.3313680744710545,4.335204472966496,1,0,1,ok,-
throughput,n32768_b8192,32768,8192,1,cufft_gpu,compute,12.617373,1595.630025362649,12.595557,1598.3937193091183,4096.0,4.333840763852626,4.341347146468671,1,0,1,ok,-
throughput,n32768_b16384,32768,16384,1,cufft_gpu,compute,nan,nan,nan,nan,8192.0,nan,nan,0,1,1,ok,CUFFT_INTERNAL_ERROR
throughput,n32768_b32768,32768,32768,1,cufft_gpu,compute,nan,nan,nan,nan,16384.0,nan,nan,0,1,1,ok,memory_limit
throughput,n32768_b65536,32768,65536,1,cufft_gpu,compute,nan,nan,nan,nan,32768.0,nan,nan,0,1,1,ok,memory_limit
throughput,n65536_b1,65536,1,1,cufft_gpu,compute,0.007619,688.1323008268802,0.007534,695.8959384125299,1.0,1.8690146016583233,1.8901011746794216,1,0,1,ok,-
throughput,n65536_b2,65536,2,1,cufft_gpu,compute,0.008602,1218.990932341316,0.00855,1226.4046783625731,2.0,3.3108631132375645,3.3309993567332783,1,0,1,ok,-
throughput,n65536_b4,65536,4,1,cufft_gpu,compute,0.013363,1569.372146972985,0.013405,1564.455054084297,4.0,4.26252256230929,4.24916740023417,1,0,1,ok,-
throughput,n65536_b8,65536,8,1,cufft_gpu,compute,0.024064,1742.9787234042553,0.02391,1754.2049351735675,8.0,4.734049950144535,4.764541112516859,1,0,1,ok,-
throughput,n65536_b16,65536,16,1,cufft_gpu,compute,0.057352,1462.6530896917284,0.057139,1468.1054971210556,16.0,3.972666271456204,3.987475384598194,1,0,1,ok,-
throughput,n65536_b32,65536,32,1,cufft_gpu,compute,0.110278,1521.3565715736593,0.109875,1526.9366097838454,32.0,4.132108960999587,4.147264728110239,1,0,1,ok,-
throughput,n65536_b64,65536,64,1,cufft_gpu,compute,0.214736,1562.5899709410626,0.214886,1561.4992135364798,64.0,4.244101706291562,4.241139134248973,1,0,1,ok,-
throughput,n65536_b128,65536,128,1,cufft_gpu,compute,0.425626,1576.70969348677,0.425566,1576.931991747461,128.0,4.282451842708034,4.283055620055291,1,0,1,ok,-
throughput,n65536_b256,65536,256,1,cufft_gpu,compute,0.789555,1699.9161299719462,0.789504,1700.0259403372245,256.0,4.617088988112164,4.6173872406079,1,0,1,ok,-
throughput,n65536_b512,65536,512,1,cufft_gpu,compute,1.577882,1701.239104064816,1.576858,1702.3438762399658,512.0,4.620682276632726,4.623682913754948,1,0,1,ok,-
throughput,n65536_b1024,65536,1024,1,cufft_gpu,compute,3.148941,1704.9252812294674,3.149013,1704.886299294414,1024.0,4.630694187041167,4.63058830942762,1,0,1,ok,-
throughput,n65536_b2048,65536,2048,1,cufft_gpu,compute,6.291302,1706.7084428628605,6.280602,1709.6160909416008,2048.0,4.635537376535285,4.643434748463793,1,0,1,ok,-
throughput,n65536_b4096,65536,4096,1,cufft_gpu,compute,12.577946,1707.3404894567045,12.55423,1710.5657997344322,4096.0,4.63725405850386,4.646014222787251,1,0,1,ok,-
throughput,n65536_b8192,65536,8192,1,cufft_gpu,compute,nan,nan,nan,nan,8192.0,nan,nan,0,1,1,ok,CUFFT_INTERNAL_ERROR
throughput,n65536_b16384,65536,16384,1,cufft_gpu,compute,nan,nan,nan,nan,16384.0,nan,nan,0,1,1,ok,memory_limit
throughput,n65536_b32768,65536,32768,1,cufft_gpu,compute,nan,nan,nan,nan,32768.0,nan,nan,0,1,1,ok,memory_limit
throughput,n65536_b65536,65536,65536,1,cufft_gpu,compute,nan,nan,nan,nan,65536.0,nan,nan,0,1,1,ok,memory_limit
throughput,n131072_b1,131072,1,1,cufft_gpu,compute,0.009626,1157.3987118221482,0.009574,1163.6849801545854,2.0,3.1435744111078194,3.160648347746384,1,0,1,ok,-
throughput,n131072_b2,131072,2,1,cufft_gpu,compute,0.014592,1527.017543859649,0.014438,1543.305166920626,4.0,4.147484550620049,4.191722853764215,1,0,1,ok,-
throughput,n131072_b4,131072,4,1,cufft_gpu,compute,0.024986,1783.578003682062,0.025037,1779.9448815752687,8.0,4.844320384427099,4.834452575200523,1,0,1,ok,-
throughput,n131072_b8,131072,8,1,cufft_gpu,compute,0.057037,1562.6516121114364,0.056422,1579.6845202226082,16.0,4.24426912794486,4.29053167648419,1,0,1,ok,-
throughput,n131072_b16,131072,16,1,cufft_gpu,compute,0.111718,1595.6060795932617,0.11136,1600.7356321839081,32.0,4.3337757254979685,4.347707942718947,1,0,1,ok,-
throughput,n131072_b32,131072,32,1,cufft_gpu,compute,0.215398,1655.1492585817882,0.21504,1657.904761904762,64.0,4.495499090067521,4.502983226387481,1,0,1,ok,-
throughput,n131072_b64,131072,64,1,cufft_gpu,compute,0.423464,1683.8070768707612,0.423373,1684.1689951886399,128.0,4.573335693246009,4.574318688260064,1,0,1,ok,-
throughput,n131072_b128,131072,128,1,cufft_gpu,compute,0.789965,1805.2234719259714,0.789757,1805.6989175151343,256.0,4.903110963155907,4.90440230603775,1,0,1,ok,-
throughput,n131072_b256,131072,256,1,cufft_gpu,compute,1.572915,1813.2745380392455,1.573069,1813.0970224446608,512.0,4.924978211803506,4.924496067253828,1,0,1,ok,-
throughput,n131072_b512,131072,512,1,cufft_gpu,compute,3.137382,1818.1571259094367,3.138509,1817.504248036249,1024.0,4.9382396558779975,4.93646639472368,1,0,1,ok,-
throughput,n131072_b1024,131072,1024,1,cufft_gpu,compute,6.288171,1814.2806358160426,6.269123,1819.7931161982306,2048.0,4.927710842481168,4.942683117889957,1,0,1,ok,-
throughput,n131072_b2048,131072,2048,1,cufft_gpu,compute,12.555571,1817.282046352173,12.516502,1822.9545091751672,4096.0,4.9358628796851445,4.951269678393475,1,0,1,ok,-
throughput,n131072_b4096,131072,4096,1,cufft_gpu,compute,nan,nan,nan,nan,8192.0,nan,nan,0,1,1,ok,CUFFT_INTERNAL_ERROR
throughput,n131072_b8192,131072,8192,1,cufft_gpu,compute,nan,nan,nan,nan,16384.0,nan,nan,0,1,1,ok,memory_limit
throughput,n131072_b16384,131072,16384,1,cufft_gpu,compute,nan,nan,nan,nan,32768.0,nan,nan,0,1,1,ok,memory_limit
throughput,n131072_b32768,131072,32768,1,cufft_gpu,compute,nan,nan,nan,nan,65536.0,nan,nan,0,1,1,ok,memory_limit
throughput,n131072_b65536,131072,65536,1,cufft_gpu,compute,nan,nan,nan,nan,131072.0,nan,nan,0,1,1,ok,memory_limit
throughput,n262144_b1,262144,1,1,cufft_gpu,compute,0.016077,1467.497667475275,0.015718,1501.0153963608602,4.0,3.9858244775241913,4.07686093174427,1,0,1,ok,-
throughput,n262144_b2,262144,2,1,cufft_gpu,compute,0.0256,1843.2,0.025498,1850.5733783041808,8.0,5.006257822277846,5.026284424280841,1,0,1,ok,-
throughput,n262144_b4,262144,4,1,cufft_gpu,compute,0.057382,1644.6244466905998,0.057344,1645.7142857142858,16.0,4.466912977948237,4.469873055605221,1,0,1,ok,-
throughput,n262144_b8,262144,8,1,cufft_gpu,compute,0.113664,1660.5405405405406,0.11305,1669.5593100398055,32.0,4.510142182232294,4.534637779754546,1,0,1,ok,-
throughput,n262144_b16,262144,16,1,cufft_gpu,compute,0.217792,1733.2471348809875,0.217754,1733.549601844283,64.0,4.707618287184576,4.708439808235453,1,0,1,ok,-
throughput,n262144_b32,262144,32,1,cufft_gpu,compute,0.427366,1766.5764707534058,0.426899,1768.5089915881742,128.0,4.798143053038862,4.803391912384442,1,0,1,ok,-
throughput,n262144_b64,262144,64,1,cufft_gpu,compute,0.796211,1896.4187131300623,0.795341,1898.49314947928,256.0,5.150803503104092,5.156437814736084,1,0,1,ok,-
throughput,n262144_b128,262144,128,1,cufft_gpu,compute,1.584845,1905.485318753569,1.585238,1905.0129255039305,512.0,5.175429026825982,5.174145974307974,1,0,1,ok,-
throughput,n262144_b256,262144,256,1,cufft_gpu,compute,3.160269,1911.1657140578857,3.162875,1909.5910397976525,1024.0,5.190857370698522,5.186580447232359,1,0,1,ok,-
throughput,n262144_b512,262144,512,1,cufft_gpu,compute,6.31664,1912.3450948605587,6.316406,1912.4159403306248,2048.0,5.194060649978485,5.194253071142054,1,0,1,ok,-
throughput,n262144_b1024,262144,1024,1,cufft_gpu,compute,12.621722,1914.0962730758924,12.606157,1916.459634764187,4096.0,5.19881697031199,5.205236023013214,1,0,1,ok,-
throughput,n262144_b2048,262144,2048,1,cufft_gpu,compute,nan,nan,nan,nan,8192.0,nan,nan,0,1,1,ok,CUFFT_INTERNAL_ERROR
throughput,n262144_b4096,262144,4096,1,cufft_gpu,compute,nan,nan,nan,nan,16384.0,nan,nan,0,1,1,ok,memory_limit
throughput,n262144_b8192,262144,8192,1,cufft_gpu,compute,nan,nan,nan,nan,32768.0,nan,nan,0,1,1,ok,memory_limit
throughput,n262144_b16384,262144,16384,1,cufft_gpu,compute,nan,nan,nan,nan,65536.0,nan,nan,0,1,1,ok,memory_limit
throughput,n262144_b32768,262144,32768,1,cufft_gpu,compute,nan,nan,nan,nan,131072.0,nan,nan,0,1,1,ok,memory_limit
throughput,n262144_b65536,262144,65536,1,cufft_gpu,compute,nan,nan,nan,nan,262144.0,nan,nan,0,1,1,ok,memory_limit
throughput,n524288_b1,524288,1,1,cufft_gpu,compute,0.027534,1808.9402193651486,0.027443,1814.9386000072877,8.0,4.913205904530045,4.929497918424744,1,0,1,ok,-
throughput,n524288_b2,524288,2,1,cufft_gpu,compute,0.059792,1666.020872357506,0.060314,1651.6019497960672,16.0,4.52502713992943,4.485864355716094,1,0,1,ok,-
throughput,n524288_b4,524288,4,1,cufft_gpu,compute,0.118618,1679.588595322801,0.118067,1687.4269694326103,32.0,4.561878007564797,4.583167570119686,1,0,1,ok,-
throughput,n524288_b8,524288,8,1,cufft_gpu,compute,0.223016,1786.6829285791155,0.222816,1788.2866580496911,64.0,4.852753573746467,4.857109413159925,1,0,1,ok,-
throughput,n524288_b16,524288,16,1,cufft_gpu,compute,0.433098,1840.04026802248,0.433254,1839.3777322309777,128.0,4.99767577316285,4.99587628043892,1,0,1,ok,-
throughput,n524288_b32,524288,32,1,cufft_gpu,compute,0.801536,1988.476525071862,0.80169,1988.0945502625702,256.0,5.400838844431901,5.399801374609348,1,0,1,ok,-
throughput,n524288_b64,524288,64,1,cufft_gpu,compute,1.590221,2004.5459341814753,1.590067,2004.7400769904664,512.0,5.4444844634935246,5.445011768699769,1,0,1,ok,-
throughput,n524288_b128,524288,128,1,cufft_gpu,compute,3.167334,2012.8417400880362,3.166707,2013.2402776764632,1024.0,5.467016442232575,5.468098897701073,1,0,1,ok,-
throughput,n524288_b256,524288,256,1,cufft_gpu,compute,6.32048,2017.3600992329696,6.31977,2017.5867412896355,2048.0,5.479288616067853,5.479904191463383,1,0,1,ok,-
throughput,n524288_b512,524288,512,1,cufft_gpu,compute,12.626585,2019.656805066453,12.621465,2020.4760952868783,4096.0,5.485526626888354,5.487751875409796,1,0,1,ok,-
throughput,n524288_b1024,524288,1024,1,cufft_gpu,compute,nan,nan,nan,nan,8192.0,nan,nan,0,1,1,ok,CUFFT_INTERNAL_ERROR
throughput,n524288_b2048,524288,2048,1,cufft_gpu,compute,nan,nan,nan,nan,16384.0,nan,nan,0,1,1,ok,memory_limit
throughput,n524288_b4096,524288,4096,1,cufft_gpu,compute,nan,nan,nan,nan,32768.0,nan,nan,0,1,1,ok,memory_limit
throughput,n524288_b8192,524288,8192,1,cufft_gpu,compute,nan,nan,nan,nan,65536.0,nan,nan,0,1,1,ok,memory_limit
throughput,n524288_b16384,524288,16384,1,cufft_gpu,compute,nan,nan,nan,nan,131072.0,nan,nan,0,1,1,ok,memory_limit
throughput,n524288_b32768,524288,32768,1,cufft_gpu,compute,nan,nan,nan,nan,262144.0,nan,nan,0,1,1,ok,memory_limit
throughput,n524288_b65536,524288,65536,1,cufft_gpu,compute,nan,nan,nan,nan,524288.0,nan,nan,0,1,1,ok,memory_limit
throughput,n1048576_b1,1048576,1,1,cufft_gpu,compute,0.06399,1638.6560400062508,0.063846,1642.3519092817091,16.0,4.450702375382017,4.460740610229228,1,0,1,ok,-
throughput,n1048576_b2,1048576,2,1,cufft_gpu,compute,0.124774,1680.7604148300127,0.124058,1690.460913443712,32.0,4.565060749846848,4.591407970476636,1,0,1,ok,-
throughput,n1048576_b4,1048576,4,1,cufft_gpu,compute,0.231422,1812.4050436000034,0.233626,1795.3070291833956,64.0,4.92261660517488,4.876177223437378,1,0,1,ok,-
throughput,n1048576_b8,1048576,8,1,cufft_gpu,compute,0.442312,1896.5363815587186,0.442008,1897.840763063112,128.0,5.151123098639788,5.1546658884127945,1,0,1,ok,-
throughput,n1048576_b16,1048576,16,1,cufft_gpu,compute,0.81664,2054.4200626959246,0.816589,2054.5483713349067,256.0,5.579946022740894,5.580294517818786,1,0,1,ok,-
throughput,n1048576_b32,1048576,32,1,cufft_gpu,compute,1.611048,2082.770469905304,1.607322,2087.598626784179,512.0,5.656947676308992,5.670061282071825,1,0,1,ok,-
throughput,n1048576_b64,1048576,64,1,cufft_gpu,compute,3.190672,2103.283070149486,3.190733,2103.2428598695033,1024.0,5.712661307725926,5.712552093843169,1,0,1,ok,-
throughput,n1048576_b128,1048576,128,1,cufft_gpu,compute,6.352077,2112.9738824009846,6.351974,2113.0081451844735,2048.0,5.7389822195305555,5.739075279604261,1,0,1,ok,-
throughput,n1048576_b256,1048576,256,1,cufft_gpu,compute,12.680653,2116.8898478650904,12.628173,2125.6871916468044,4096.0,5.749618250746077,5.773512440808183,1,0,1,ok,-
throughput,n1048576_b512,1048576,512,1,cufft_gpu,compute,nan,nan,nan,nan,8192.0,nan,nan,0,1,1,ok,CUFFT_INTERNAL_ERROR
throughput,n1048576_b1024,1048576,1024,1,cufft_gpu,compute,nan,nan,nan,nan,16384.0,nan,nan,0,1,1,ok,memory_limit
throughput,n1048576_b2048,1048576,2048,1,cufft_gpu,compute,nan,nan,nan,nan,32768.0,nan,nan,0,1,1,ok,memory_limit
throughput,n1048576_b4096,1048576,4096,1,cufft_gpu,compute,nan,nan,nan,nan,65536.0,nan,nan,0,1,1,ok,memory_limit
throughput,n1048576_b8192,1048576,8192,1,cufft_gpu,compute,nan,nan,nan,nan,131072.0,nan,nan,0,1,1,ok,memory_limit
throughput,n1048576_b16384,1048576,16384,1,cufft_gpu,compute,nan,nan,nan,nan,262144.0,nan,nan,0,1,1,ok,memory_limit
throughput,n1048576_b32768,1048576,32768,1,cufft_gpu,compute,nan,nan,nan,nan,524288.0,nan,nan,0,1,1,ok,memory_limit
throughput,n1048576_b65536,1048576,65536,1,cufft_gpu,compute,nan,nan,nan,nan,1048576.0,nan,nan,0,1,1,ok,memory_limit
throughput,n2097152_b1,2097152,1,1,cufft_gpu,compute,0.127027,1733.4972879781465,0.127386,1728.611935377514,32.0,4.708297720181222,4.695028766908924,1,0,1,ok,-
throughput,n2097152_b2,2097152,2,1,cufft_gpu,compute,0.236749,1860.2060409970052,0.238126,1849.4491151743196,64.0,5.05244739788941,5.023230848386653,1,0,1,ok,-
throughput,n2097152_b4,2097152,4,1,cufft_gpu,compute,0.454195,1939.2636202512138,0.454195,1939.2636202512138,128.0,5.267173214160967,5.267173214160967,1,0,1,ok,-
throughput,n2097152_b8,2097152,8,1,cufft_gpu,compute,0.838242,2101.5502444401495,0.840195,2096.6652741327907,256.0,5.707954834059472,5.694686919121967,1,0,1,ok,-
throughput,n2097152_b16,2097152,16,1,cufft_gpu,compute,1.649608,2135.789448159805,1.649138,2136.398142544772,512.0,5.80095086349203,5.802604119257067,1,0,1,ok,-
throughput,n2097152_b32,2097152,32,1,cufft_gpu,compute,3.280883,2147.7238658007614,3.278643,2149.1912111199663,1024.0,5.833365561663345,5.8373509723525006,1,0,1,ok,-
throughput,n2097152_b64,2097152,64,1,cufft_gpu,compute,6.527539,2158.9854062917125,6.527685,2158.9371178296747,2048.0,5.863952679270616,5.86382152449045,1,0,1,ok,-
throughput,n2097152_b128,2097152,128,1,cufft_gpu,compute,13.027318,2163.5860028902343,13.021951,2164.4777253423854,4096.0,5.8764482156793045,5.8788701951179885,1,0,1,ok,-
throughput,n2097152_b256,2097152,256,1,cufft_gpu,compute,nan,nan,nan,nan,8192.0,nan,nan,0,1,1,ok,CUFFT_INTERNAL_ERROR
throughput,n2097152_b512,2097152,512,1,cufft_gpu,compute,nan,nan,nan,nan,16384.0,nan,nan,0,1,1,ok,memory_limit
throughput,n2097152_b1024,2097152,1024,1,cufft_gpu,compute,nan,nan,nan,nan,32768.0,nan,nan,0,1,1,ok,memory_limit
throughput,n2097152_b2048,2097152,2048,1,cufft_gpu,compute,nan,nan,nan,nan,65536.0,nan,nan,0,1,1,ok,memory_limit
throughput,n2097152_b4096,2097152,4096,1,cufft_gpu,compute,nan,nan,nan,nan,131072.0,nan,nan,0,1,1,ok,memory_limit
throughput,n2097152_b8192,2097152,8192,1,cufft_gpu,compute,nan,nan,nan,nan,262144.0,nan,nan,0,1,1,ok,memory_limit
throughput,n2097152_b16384,2097152,16384,1,cufft_gpu,compute,nan,nan,nan,nan,524288.0,nan,nan,0,1,1,ok,memory_limit
throughput,n2097152_b32768,2097152,32768,1,cufft_gpu,compute,nan,nan,nan,nan,1048576.0,nan,nan,0,1,1,ok,memory_limit
throughput,n2097152_b65536,2097152,65536,1,cufft_gpu,compute,nan,nan,nan,nan,2097152.0,nan,nan,0,1,1,ok,memory_limit
throughput,n4194304_b1,4194304,1,1,cufft_gpu,compute,0.260699,1769.7553116812876,0.259533,1777.7062647139285,64.0,4.8067770033757675,4.8283723380189,1,0,1,ok,-
throughput,n4194304_b2,4194304,2,1,cufft_gpu,compute,0.509952,1809.4779116465866,0.510872,1806.2193269546972,128.0,4.914666313704267,4.905815773826161,1,0,1,ok,-
throughput,n4194304_b4,4194304,4,1,cufft_gpu,compute,0.949606,1943.4310229716325,0.949494,1943.660265362393,256.0,5.278492166237616,5.279114804319181,1,0,1,ok,-
throughput,n4194304_b8,4194304,8,1,cufft_gpu,compute,1.879437,1963.8793532318455,1.877965,1965.4186952365992,512.0,5.334031235962937,5.338212194595998,1,0,1,ok,-
throughput,n4194304_b16,4194304,16,1,cufft_gpu,compute,3.721818,1983.4325697817571,3.726643,1980.8645582632948,1024.0,5.387139115359469,5.380164219660683,1,0,1,ok,-
throughput,n4194304_b32,4194304,32,1,cufft_gpu,compute,7.438182,1984.8869091936713,7.379302,2000.7244696043067,2048.0,5.391089201110956,5.43410510317885,1,0,1,ok,-
throughput,n4194304_b64,4194304,64,1,cufft_gpu,compute,14.781337,1997.6474496183937,14.564041,2027.4524192839062,4096.0,5.425747705515122,5.50670005063813,1,0,1,ok,-
throughput,n4194304_b128,4194304,128,1,cufft_gpu,compute,nan,nan,nan,nan,8192.0,nan,nan,0,1,1,ok,CUFFT_INTERNAL_ERROR
throughput,n4194304_b256,4194304,256,1,cufft_gpu,compute,nan,nan,nan,nan,16384.0,nan,nan,0,1,1,ok,memory_limit
throughput,n4194304_b512,4194304,512,1,cufft_gpu,compute,nan,nan,nan,nan,32768.0,nan,nan,0,1,1,ok,memory_limit
throughput,n4194304_b1024,4194304,1024,1,cufft_gpu,compute,nan,nan,nan,nan,65536.0,nan,nan,0,1,1,ok,memory_limit
throughput,n4194304_b2048,4194304,2048,1,cufft_gpu,compute,nan,nan,nan,nan,131072.0,nan,nan,0,1,1,ok,memory_limit
throughput,n4194304_b4096,4194304,4096,1,cufft_gpu,compute,nan,nan,nan,nan,262144.0,nan,nan,0,1,1,ok,memory_limit
throughput,n4194304_b8192,4194304,8192,1,cufft_gpu,compute,nan,nan,nan,nan,524288.0,nan,nan,0,1,1,ok,memory_limit
throughput,n4194304_b16384,4194304,16384,1,cufft_gpu,compute,nan,nan,nan,nan,1048576.0,nan,nan,0,1,1,ok,memory_limit
throughput,n4194304_b32768,4194304,32768,1,cufft_gpu,compute,nan,nan,nan,nan,2097152.0,nan,nan,0,1,1,ok,memory_limit
throughput,n4194304_b65536,4194304,65536,1,cufft_gpu,compute,nan,nan,nan,nan,4194304.0,nan,nan,0,1,1,ok,memory_limit
