set_id,manifest,profile_id,workload,case_id,n,batch,threads_field,timing_mode,run_count,fwd_ms_mean,fwd_ms_std,bwd_ms_mean,bwd_ms_std,fwd_gflops_std,bwd_gflops_std,mem_mb_mean,fwd_gflops_mean,bwd_gflops_mean
20260225_144327,/home/nikhil/workspace/xeon-fft-bench/src/gpu/latest_run/64k_batch/20260225_144327/manifest.tsv,cufft_gpu,throughput,n1024_b1,1024,1,1,compute,1,0.00343,0.0,0.003427,0.0,0.0,0.0,0.02,14.925372999999999,14.939309
20260225_144327,/home/nikhil/workspace/xeon-fft-bench/src/gpu/latest_run/64k_batch/20260225_144327/manifest.tsv,cufft_gpu,throughput,n1024_b1024,1024,1024,1,compute,1,0.026112,0.0,0.025907,0.0,0.0,0.0,16.0,2007.843202,2023.71537
20260225_144327,/home/nikhil/workspace/xeon-fft-bench/src/gpu/latest_run/64k_batch/20260225_144327/manifest.tsv,cufft_gpu,throughput,n1024_b128,1024,128,1,compute,1,0.004451,0.0,0.004454,0.0,0.0,0.0,2.0,1472.322073,1471.264362
20260225_144327,/home/nikhil/workspace/xeon-fft-bench/src/gpu/latest_run/64k_batch/20260225_144327/manifest.tsv,cufft_gpu,throughput,n1024_b16,1024,16,1,compute,1,0.003886,0.0,0.003883,0.0,0.0,0.0,0.25,210.78632300000004,210.960025
20260225_144327,/home/nikhil/workspace/xeon-fft-bench/src/gpu/latest_run/64k_batch/20260225_144327/manifest.tsv,cufft_gpu,throughput,n1024_b16384,1024,16384,1,compute,1,0.394178,0.0,0.394035,0.0,0.0,0.0,256.0,2128.129026,2128.898149
20260225_144327,/home/nikhil/workspace/xeon-fft-bench/src/gpu/latest_run/64k_batch/20260225_144327/manifest.tsv,cufft_gpu,throughput,n1024_b2,1024,2,1,compute,1,0.00384,0.0,0.00384,0.0,0.0,0.0,0.03,26.666665000000002,26.666665000000002
20260225_144327,/home/nikhil/workspace/xeon-fft-bench/src/gpu/latest_run/64k_batch/20260225_144327/manifest.tsv,cufft_gpu,throughput,n1024_b2048,1024,2048,1,compute,1,0.050688,0.0,0.050739,0.0,0.0,0.0,32.0,2068.686929,2066.599438
20260225_144327,/home/nikhil/workspace/xeon-fft-bench/src/gpu/latest_run/64k_batch/20260225_144327/manifest.tsv,cufft_gpu,throughput,n1024_b256,1024,256,1,compute,1,0.005837,0.0,0.005786,0.0,0.0,0.0,4.0,2245.6139910000006,2265.486688
20260225_144327,/home/nikhil/workspace/xeon-fft-bench/src/gpu/latest_run/64k_batch/20260225_144327/manifest.tsv,cufft_gpu,throughput,n1024_b32,1024,32,1,compute,1,0.00384,0.0,0.00384,0.0,0.0,0.0,0.5,426.666646,426.666646
20260225_144327,/home/nikhil/workspace/xeon-fft-bench/src/gpu/latest_run/64k_batch/20260225_144327/manifest.tsv,cufft_gpu,throughput,n1024_b32768,1024,32768,1,compute,1,0.786125,0.0,0.786022,0.0,0.0,0.0,512.0,2134.166988,2134.445086
20260225_144327,/home/nikhil/workspace/xeon-fft-bench/src/gpu/latest_run/64k_batch/20260225_144327/manifest.tsv,cufft_gpu,throughput,n1024_b4,1024,4,1,compute,1,0.00384,0.0,0.00384,0.0,0.0,0.0,0.06,53.33333100000001,53.33333100000001
20260225_144327,/home/nikhil/workspace/xeon-fft-bench/src/gpu/latest_run/64k_batch/20260225_144327/manifest.tsv,cufft_gpu,throughput,n1024_b4096,1024,4096,1,compute,1,0.099853,0.0,0.099789,0.0,0.0,0.0,64.0,2100.243551,2101.5904990000004
20260225_144327,/home/nikhil/workspace/xeon-fft-bench/src/gpu/latest_run/64k_batch/20260225_144327/manifest.tsv,cufft_gpu,throughput,n1024_b512,1024,512,1,compute,1,0.015053,0.0,0.01495,0.0,0.0,0.0,8.0,1741.4966119999997,1753.424588
20260225_144327,/home/nikhil/workspace/xeon-fft-bench/src/gpu/latest_run/64k_batch/20260225_144327/manifest.tsv,cufft_gpu,throughput,n1024_b64,1024,64,1,compute,1,0.003942,0.0,0.003893,0.0,0.0,0.0,1.0,831.168864,841.75918
20260225_144327,/home/nikhil/workspace/xeon-fft-bench/src/gpu/latest_run/64k_batch/20260225_144327/manifest.tsv,cufft_gpu,throughput,n1024_b65536,1024,65536,1,compute,1,1.56969,0.0,1.569894,0.0,0.0,0.0,1024.0,2137.647651,2137.3687179999997
20260225_144327,/home/nikhil/workspace/xeon-fft-bench/src/gpu/latest_run/64k_batch/20260225_144327/manifest.tsv,cufft_gpu,throughput,n1024_b8,1024,8,1,compute,1,0.003888,0.0,0.003891,0.0,0.0,0.0,0.12,105.349789,105.263163
20260225_144327,/home/nikhil/workspace/xeon-fft-bench/src/gpu/latest_run/64k_batch/20260225_144327/manifest.tsv,cufft_gpu,throughput,n1024_b8192,1024,8192,1,compute,1,0.198093,0.0,0.19785,0.0,0.0,0.0,128.0,2117.343042,2119.945703
20260225_144327,/home/nikhil/workspace/xeon-fft-bench/src/gpu/latest_run/64k_batch/20260225_144327/manifest.tsv,cufft_gpu,throughput,n1048576_b1,1048576,1,1,compute,1,0.06399,0.0,0.063846,0.0,0.0,0.0,16.0,1638.64574,1642.3416870000003
20260225_144327,/home/nikhil/workspace/xeon-fft-bench/src/gpu/latest_run/64k_batch/20260225_144327/manifest.tsv,cufft_gpu,throughput,n1048576_b128,1048576,128,1,compute,1,6.352077,0.0,6.351974,0.0,0.0,0.0,2048.0,2112.973975,2113.007983
20260225_144327,/home/nikhil/workspace/xeon-fft-bench/src/gpu/latest_run/64k_batch/20260225_144327/manifest.tsv,cufft_gpu,throughput,n1048576_b16,1048576,16,1,compute,1,0.81664,0.0,0.816589,0.0,0.0,0.0,256.0,2054.420074,2054.548917
20260225_144327,/home/nikhil/workspace/xeon-fft-bench/src/gpu/latest_run/64k_batch/20260225_144327/manifest.tsv,cufft_gpu,throughput,n1048576_b2,1048576,2,1,compute,1,0.124774,0.0,0.124058,0.0,0.0,0.0,32.0,1680.755075,1690.466325
20260225_144327,/home/nikhil/workspace/xeon-fft-bench/src/gpu/latest_run/64k_batch/20260225_144327/manifest.tsv,cufft_gpu,throughput,n1048576_b256,1048576,256,1,compute,1,12.680653,0.0,12.628173,0.0,0.0,0.0,4096.0,2116.889912,2125.687181
20260225_144327,/home/nikhil/workspace/xeon-fft-bench/src/gpu/latest_run/64k_batch/20260225_144327/manifest.tsv,cufft_gpu,throughput,n1048576_b32,1048576,32,1,compute,1,1.611048,0.0,1.607322,0.0,0.0,0.0,512.0,2082.770553,2087.5992129999995
20260225_144327,/home/nikhil/workspace/xeon-fft-bench/src/gpu/latest_run/64k_batch/20260225_144327/manifest.tsv,cufft_gpu,throughput,n1048576_b4,1048576,4,1,compute,1,0.231422,0.0,0.233626,0.0,0.0,0.0,64.0,1812.401907,1795.310082
20260225_144327,/home/nikhil/workspace/xeon-fft-bench/src/gpu/latest_run/64k_batch/20260225_144327/manifest.tsv,cufft_gpu,throughput,n1048576_b64,1048576,64,1,compute,1,3.190672,0.0,3.190733,0.0,0.0,0.0,1024.0,2103.2831220000003,2103.243015
20260225_144327,/home/nikhil/workspace/xeon-fft-bench/src/gpu/latest_run/64k_batch/20260225_144327/manifest.tsv,cufft_gpu,throughput,n1048576_b8,1048576,8,1,compute,1,0.442312,0.0,0.442008,0.0,0.0,0.0,128.0,1896.536372,1897.840684
20260225_144327,/home/nikhil/workspace/xeon-fft-bench/src/gpu/latest_run/64k_batch/20260225_144327/manifest.tsv,cufft_gpu,throughput,n128_b1,128,1,1,compute,1,0.002621,0.0,0.00261,0.0,0.0,0.0,0.0,1.7094019999999999,1.7167380000000003
20260225_144327,/home/nikhil/workspace/xeon-fft-bench/src/gpu/latest_run/64k_batch/20260225_144327/manifest.tsv,cufft_gpu,throughput,n128_b1024,128,1024,1,compute,1,0.003936,0.0,0.003888,0.0,0.0,0.0,2.0,1165.5284049999998,1179.9176420000001
20260225_144327,/home/nikhil/workspace/xeon-fft-bench/src/gpu/latest_run/64k_batch/20260225_144327/manifest.tsv,cufft_gpu,throughput,n128_b128,128,128,1,compute,1,0.002757,0.0,0.002714,0.0,0.0,0.0,0.25,208.00928999999996,211.320756
20260225_144327,/home/nikhil/workspace/xeon-fft-bench/src/gpu/latest_run/64k_batch/20260225_144327/manifest.tsv,cufft_gpu,throughput,n128_b16,128,16,1,compute,1,0.002714,0.0,0.002714,0.0,0.0,0.0,0.03,26.415094,26.415094
20260225_144327,/home/nikhil/workspace/xeon-fft-bench/src/gpu/latest_run/64k_batch/20260225_144327/manifest.tsv,cufft_gpu,throughput,n128_b16384,128,16384,1,compute,1,0.051405,0.0,0.051448,0.0,0.0,0.0,32.0,1427.8885009999997,1426.689487
20260225_144327,/home/nikhil/workspace/xeon-fft-bench/src/gpu/latest_run/64k_batch/20260225_144327/manifest.tsv,cufft_gpu,throughput,n128_b2,128,2,1,compute,1,0.002654,0.0,0.002608,0.0,0.0,0.0,0.0,3.375528,3.4355829999999994
20260225_144327,/home/nikhil/workspace/xeon-fft-bench/src/gpu/latest_run/64k_batch/20260225_144327/manifest.tsv,cufft_gpu,throughput,n128_b2048,128,2048,1,compute,1,0.005016,0.0,0.004899,0.0,0.0,0.0,4.0,1829.1547689999998,1872.76288
20260225_144327,/home/nikhil/workspace/xeon-fft-bench/src/gpu/latest_run/64k_batch/20260225_144327/manifest.tsv,cufft_gpu,throughput,n128_b256,128,256,1,compute,1,0.002918,0.0,0.002909,0.0,0.0,0.0,0.5,392.98244900000003,394.27943
20260225_144327,/home/nikhil/workspace/xeon-fft-bench/src/gpu/latest_run/64k_batch/20260225_144327/manifest.tsv,cufft_gpu,throughput,n128_b32,128,32,1,compute,1,0.002714,0.0,0.002749,0.0,0.0,0.0,0.06,52.830189,52.153666
20260225_144327,/home/nikhil/workspace/xeon-fft-bench/src/gpu/latest_run/64k_batch/20260225_144327/manifest.tsv,cufft_gpu,throughput,n128_b32768,128,32768,1,compute,1,0.100557,0.0,0.100557,0.0,0.0,0.0,64.0,1459.8777599999999,1459.8777599999999
20260225_144327,/home/nikhil/workspace/xeon-fft-bench/src/gpu/latest_run/64k_batch/20260225_144327/manifest.tsv,cufft_gpu,throughput,n128_b4,128,4,1,compute,1,0.002714,0.0,0.002613,0.0,0.0,0.0,0.01,6.603773999999999,6.858543000000001
20260225_144327,/home/nikhil/workspace/xeon-fft-bench/src/gpu/latest_run/64k_batch/20260225_144327/manifest.tsv,cufft_gpu,throughput,n128_b4096,128,4096,1,compute,1,0.013526,0.0,0.01321,0.0,0.0,0.0,8.0,1356.612311,1389.147365
20260225_144327,/home/nikhil/workspace/xeon-fft-bench/src/gpu/latest_run/64k_batch/20260225_144327/manifest.tsv,cufft_gpu,throughput,n128_b512,128,512,1,compute,1,0.003226,0.0,0.003226,0.0,0.0,0.0,1.0,711.111117,711.111117
20260225_144327,/home/nikhil/workspace/xeon-fft-bench/src/gpu/latest_run/64k_batch/20260225_144327/manifest.tsv,cufft_gpu,throughput,n128_b64,128,64,1,compute,1,0.002699,0.0,0.002704,0.0,0.0,0.0,0.12,106.224064,106.03550599999997
20260225_144327,/home/nikhil/workspace/xeon-fft-bench/src/gpu/latest_run/64k_batch/20260225_144327/manifest.tsv,cufft_gpu,throughput,n128_b65536,128,65536,1,compute,1,0.198192,0.0,0.198038,0.0,0.0,0.0,128.0,1481.3982369999999,1482.547229
20260225_144327,/home/nikhil/workspace/xeon-fft-bench/src/gpu/latest_run/64k_batch/20260225_144327/manifest.tsv,cufft_gpu,throughput,n128_b8,128,8,1,compute,1,0.002765,0.0,0.002714,0.0,0.0,0.0,0.02,12.962963,13.207547
20260225_144327,/home/nikhil/workspace/xeon-fft-bench/src/gpu/latest_run/64k_batch/20260225_144327/manifest.tsv,cufft_gpu,throughput,n128_b8192,128,8192,1,compute,1,0.027098,0.0,0.027085,0.0,0.0,0.0,16.0,1354.3693560000002,1355.009422
20260225_144327,/home/nikhil/workspace/xeon-fft-bench/src/gpu/latest_run/64k_batch/20260225_144327/manifest.tsv,cufft_gpu,throughput,n131072_b1,131072,1,1,compute,1,0.009626,0.0,0.009574,0.0,0.0,0.0,2.0,1157.446775,1163.6363769999998
20260225_144327,/home/nikhil/workspace/xeon-fft-bench/src/gpu/latest_run/64k_batch/20260225_144327/manifest.tsv,cufft_gpu,throughput,n131072_b1024,131072,1024,1,compute,1,6.288171,0.0,6.269123,0.0,0.0,0.0,2048.0,1814.2805240000002,1819.7930939999999
20260225_144327,/home/nikhil/workspace/xeon-fft-bench/src/gpu/latest_run/64k_batch/20260225_144327/manifest.tsv,cufft_gpu,throughput,n131072_b128,131072,128,1,compute,1,0.789965,0.0,0.789757,0.0,0.0,0.0,256.0,1805.223886,1805.6993230000003
20260225_144327,/home/nikhil/workspace/xeon-fft-bench/src/gpu/latest_run/64k_batch/20260225_144327/manifest.tsv,cufft_gpu,throughput,n131072_b16,131072,16,1,compute,1,0.111718,0.0,0.11136,0.0,0.0,0.0,32.0,1595.600305,1600.73561
20260225_144327,/home/nikhil/workspace/xeon-fft-bench/src/gpu/latest_run/64k_batch/20260225_144327/manifest.tsv,cufft_gpu,throughput,n131072_b2,131072,2,1,compute,1,0.014592,0.0,0.014438,0.0,0.0,0.0,4.0,1527.0176120000003,1543.262446
20260225_144327,/home/nikhil/workspace/xeon-fft-bench/src/gpu/latest_run/64k_batch/20260225_144327/manifest.tsv,cufft_gpu,throughput,n131072_b2048,131072,2048,1,compute,1,12.555571,0.0,12.516502,0.0,0.0,0.0,4096.0,1817.2820490000001,1822.954454
20260225_144327,/home/nikhil/workspace/xeon-fft-bench/src/gpu/latest_run/64k_batch/20260225_144327/manifest.tsv,cufft_gpu,throughput,n131072_b256,131072,256,1,compute,1,1.572915,0.0,1.573069,0.0,0.0,0.0,512.0,1813.274339,1813.097242
20260225_144327,/home/nikhil/workspace/xeon-fft-bench/src/gpu/latest_run/64k_batch/20260225_144327/manifest.tsv,cufft_gpu,throughput,n131072_b32,131072,32,1,compute,1,0.215398,0.0,0.21504,0.0,0.0,0.0,64.0,1655.1461310000002,1657.904821
20260225_144327,/home/nikhil/workspace/xeon-fft-bench/src/gpu/latest_run/64k_batch/20260225_144327/manifest.tsv,cufft_gpu,throughput,n131072_b4,131072,4,1,compute,1,0.024986,0.0,0.025037,0.0,0.0,0.0,8.0,1783.606592,1779.959107
20260225_144327,/home/nikhil/workspace/xeon-fft-bench/src/gpu/latest_run/64k_batch/20260225_144327/manifest.tsv,cufft_gpu,throughput,n131072_b512,131072,512,1,compute,1,3.137382,0.0,3.138509,0.0,0.0,0.0,1024.0,1818.156942,1817.5043659999997
20260225_144327,/home/nikhil/workspace/xeon-fft-bench/src/gpu/latest_run/64k_batch/20260225_144327/manifest.tsv,cufft_gpu,throughput,n131072_b64,131072,64,1,compute,1,0.423464,0.0,0.423373,0.0,0.0,0.0,128.0,1683.807029,1684.169818
20260225_144327,/home/nikhil/workspace/xeon-fft-bench/src/gpu/latest_run/64k_batch/20260225_144327/manifest.tsv,cufft_gpu,throughput,n131072_b8,131072,8,1,compute,1,0.057037,0.0,0.056422,0.0,0.0,0.0,16.0,1562.6571139999999,1579.673308
20260225_144327,/home/nikhil/workspace/xeon-fft-bench/src/gpu/latest_run/64k_batch/20260225_144327/manifest.tsv,cufft_gpu,throughput,n16384_b1,16384,1,1,compute,1,0.010342,0.0,0.010282,0.0,0.0,0.0,0.25,110.891092,111.54683999999999
20260225_144327,/home/nikhil/workspace/xeon-fft-bench/src/gpu/latest_run/64k_batch/20260225_144327/manifest.tsv,cufft_gpu,throughput,n16384_b1024,16384,1024,1,compute,1,0.418544,0.0,0.419942,0.0,0.0,0.0,256.0,2805.9298480000007,2796.5863379999996
20260225_144327,/home/nikhil/workspace/xeon-fft-bench/src/gpu/latest_run/64k_batch/20260225_144327/manifest.tsv,cufft_gpu,throughput,n16384_b128,16384,128,1,compute,1,0.071782,0.0,0.071731,0.0,0.0,0.0,32.0,2045.0785100000003,2046.5382490000002
20260225_144327,/home/nikhil/workspace/xeon-fft-bench/src/gpu/latest_run/64k_batch/20260225_144327/manifest.tsv,cufft_gpu,throughput,n16384_b16,16384,16,1,compute,1,0.016165,0.0,0.016179,0.0,0.0,0.0,4.0,1135.1875310000003,1134.177249
20260225_144327,/home/nikhil/workspace/xeon-fft-bench/src/gpu/latest_run/64k_batch/20260225_144327/manifest.tsv,cufft_gpu,throughput,n16384_b16384,16384,16384,1,compute,1,6.325504,0.0,6.329549,0.0,0.0,0.0,4096.0,2970.59051,2968.692236
20260225_144327,/home/nikhil/workspace/xeon-fft-bench/src/gpu/latest_run/64k_batch/20260225_144327/manifest.tsv,cufft_gpu,throughput,n16384_b2,16384,2,1,compute,1,0.010333,0.0,0.010291,0.0,0.0,0.0,0.5,221.98823799999997,222.885569
20260225_144327,/home/nikhil/workspace/xeon-fft-bench/src/gpu/latest_run/64k_batch/20260225_144327/manifest.tsv,cufft_gpu,throughput,n16384_b2048,16384,2048,1,compute,1,0.810549,0.0,0.809979,0.0,0.0,0.0,512.0,2897.802441,2899.8403630000003
20260225_144327,/home/nikhil/workspace/xeon-fft-bench/src/gpu/latest_run/64k_batch/20260225_144327/manifest.tsv,cufft_gpu,throughput,n16384_b256,16384,256,1,compute,1,0.132707,0.0,0.133478,0.0,0.0,0.0,64.0,2212.398985,2199.616366
20260225_144327,/home/nikhil/workspace/xeon-fft-bench/src/gpu/latest_run/64k_batch/20260225_144327/manifest.tsv,cufft_gpu,throughput,n16384_b32,16384,32,1,compute,1,0.02345,0.0,0.023603,0.0,0.0,0.0,8.0,1565.0655189999998,1554.880732
20260225_144327,/home/nikhil/workspace/xeon-fft-bench/src/gpu/latest_run/64k_batch/20260225_144327/manifest.tsv,cufft_gpu,throughput,n16384_b4,16384,4,1,compute,1,0.010293,0.0,0.010291,0.0,0.0,0.0,1.0,445.70186,445.771139
20260225_144327,/home/nikhil/workspace/xeon-fft-bench/src/gpu/latest_run/64k_batch/20260225_144327/manifest.tsv,cufft_gpu,throughput,n16384_b4096,16384,4096,1,compute,1,1.598106,0.0,1.59657,0.0,0.0,0.0,1024.0,2939.493121,2942.321075
20260225_144327,/home/nikhil/workspace/xeon-fft-bench/src/gpu/latest_run/64k_batch/20260225_144327/manifest.tsv,cufft_gpu,throughput,n16384_b512,16384,512,1,compute,1,0.234854,0.0,0.234342,0.0,0.0,0.0,128.0,2500.283535,2505.7460339999993
20260225_144327,/home/nikhil/workspace/xeon-fft-bench/src/gpu/latest_run/64k_batch/20260225_144327/manifest.tsv,cufft_gpu,throughput,n16384_b64,16384,64,1,compute,1,0.037325,0.0,0.037478,0.0,0.0,0.0,16.0,1966.5294349999997,1958.469983
20260225_144327,/home/nikhil/workspace/xeon-fft-bench/src/gpu/latest_run/64k_batch/20260225_144327/manifest.tsv,cufft_gpu,throughput,n16384_b8,16384,8,1,compute,1,0.010394,0.0,0.010379,0.0,0.0,0.0,2.0,882.758607,883.983378
20260225_144327,/home/nikhil/workspace/xeon-fft-bench/src/gpu/latest_run/64k_batch/20260225_144327/manifest.tsv,cufft_gpu,throughput,n16384_b8192,16384,8192,1,compute,1,3.173171,0.0,3.174853,0.0,0.0,0.0,2048.0,2960.836421,2959.268253
20260225_144327,/home/nikhil/workspace/xeon-fft-bench/src/gpu/latest_run/64k_batch/20260225_144327/manifest.tsv,cufft_gpu,throughput,n2048_b1,2048,1,1,compute,1,0.004342,0.0,0.004347,0.0,0.0,0.0,0.03,25.939573000000003,25.910931
20260225_144327,/home/nikhil/workspace/xeon-fft-bench/src/gpu/latest_run/64k_batch/20260225_144327/manifest.tsv,cufft_gpu,throughput,n2048_b1024,2048,1024,1,compute,1,0.050931,0.0,0.051046,0.0,0.0,0.0,32.0,2264.689736,2259.57868
20260225_144327,/home/nikhil/workspace/xeon-fft-bench/src/gpu/latest_run/64k_batch/20260225_144327/manifest.tsv,cufft_gpu,throughput,n2048_b128,2048,128,1,compute,1,0.006656,0.0,0.006656,0.0,0.0,0.0,4.0,2166.15384,2166.15384
20260225_144327,/home/nikhil/workspace/xeon-fft-bench/src/gpu/latest_run/64k_batch/20260225_144327/manifest.tsv,cufft_gpu,throughput,n2048_b16,2048,16,1,compute,1,0.00512,0.0,0.00516,0.0,0.0,0.0,0.5,352.000009,349.2713059999999
20260225_144327,/home/nikhil/workspace/xeon-fft-bench/src/gpu/latest_run/64k_batch/20260225_144327/manifest.tsv,cufft_gpu,throughput,n2048_b16384,2048,16384,1,compute,1,0.783667,0.0,0.784128,0.0,0.0,0.0,512.0,2354.945824,2353.561872
20260225_144327,/home/nikhil/workspace/xeon-fft-bench/src/gpu/latest_run/64k_batch/20260225_144327/manifest.tsv,cufft_gpu,throughput,n2048_b2,2048,2,1,compute,1,0.005018,0.0,0.005016,0.0,0.0,0.0,0.06,44.897960999999995,44.91228199999999
20260225_144327,/home/nikhil/workspace/xeon-fft-bench/src/gpu/latest_run/64k_batch/20260225_144327/manifest.tsv,cufft_gpu,throughput,n2048_b2048,2048,2048,1,compute,1,0.099789,0.0,0.099787,0.0,0.0,0.0,64.0,2311.749549,2311.786694
20260225_144327,/home/nikhil/workspace/xeon-fft-bench/src/gpu/latest_run/64k_batch/20260225_144327/manifest.tsv,cufft_gpu,throughput,n2048_b256,2048,256,1,compute,1,0.016742,0.0,0.016538,0.0,0.0,0.0,8.0,1722.324227,1743.6533280000003
20260225_144327,/home/nikhil/workspace/xeon-fft-bench/src/gpu/latest_run/64k_batch/20260225_144327/manifest.tsv,cufft_gpu,throughput,n2048_b32,2048,32,1,compute,1,0.005171,0.0,0.005213,0.0,0.0,0.0,1.0,697.029718,691.46718
20260225_144327,/home/nikhil/workspace/xeon-fft-bench/src/gpu/latest_run/64k_batch/20260225_144327/manifest.tsv,cufft_gpu,throughput,n2048_b32768,2048,32768,1,compute,1,1.565843,0.0,1.56585,0.0,0.0,0.0,1024.0,2357.188458,2357.178839
20260225_144327,/home/nikhil/workspace/xeon-fft-bench/src/gpu/latest_run/64k_batch/20260225_144327/manifest.tsv,cufft_gpu,throughput,n2048_b4,2048,4,1,compute,1,0.005018,0.0,0.005018,0.0,0.0,0.0,0.12,89.795921,89.795921
20260225_144327,/home/nikhil/workspace/xeon-fft-bench/src/gpu/latest_run/64k_batch/20260225_144327/manifest.tsv,cufft_gpu,throughput,n2048_b4096,2048,4096,1,compute,1,0.197427,0.0,0.197325,0.0,0.0,0.0,128.0,2336.929446,2338.142184
20260225_144327,/home/nikhil/workspace/xeon-fft-bench/src/gpu/latest_run/64k_batch/20260225_144327/manifest.tsv,cufft_gpu,throughput,n2048_b512,2048,512,1,compute,1,0.026163,0.0,0.026413,0.0,0.0,0.0,16.0,2204.305322,2183.474683
20260225_144327,/home/nikhil/workspace/xeon-fft-bench/src/gpu/latest_run/64k_batch/20260225_144327/manifest.tsv,cufft_gpu,throughput,n2048_b64,2048,64,1,compute,1,0.005235,0.0,0.005222,0.0,0.0,0.0,2.0,1377.017114,1380.392182
20260225_144327,/home/nikhil/workspace/xeon-fft-bench/src/gpu/latest_run/64k_batch/20260225_144327/manifest.tsv,cufft_gpu,throughput,n2048_b65536,2048,65536,1,compute,1,3.129344,0.0,3.130306,0.0,0.0,0.0,2048.0,2358.95289,2358.228178
20260225_144327,/home/nikhil/workspace/xeon-fft-bench/src/gpu/latest_run/64k_batch/20260225_144327/manifest.tsv,cufft_gpu,throughput,n2048_b8,2048,8,1,compute,1,0.00512,0.0,0.00512,0.0,0.0,0.0,0.25,176.00000400000002,176.00000400000002
20260225_144327,/home/nikhil/workspace/xeon-fft-bench/src/gpu/latest_run/64k_batch/20260225_144327/manifest.tsv,cufft_gpu,throughput,n2048_b8192,2048,8192,1,compute,1,0.392704,0.0,0.39285,0.0,0.0,0.0,256.0,2349.726146,2348.855407
20260225_144327,/home/nikhil/workspace/xeon-fft-bench/src/gpu/latest_run/64k_batch/20260225_144327/manifest.tsv,cufft_gpu,throughput,n2097152_b1,2097152,1,1,compute,1,0.127027,0.0,0.127386,0.0,0.0,0.0,32.0,1733.494536,1728.617304
20260225_144327,/home/nikhil/workspace/xeon-fft-bench/src/gpu/latest_run/64k_batch/20260225_144327/manifest.tsv,cufft_gpu,throughput,n2097152_b128,2097152,128,1,compute,1,13.027318,0.0,13.021951,0.0,0.0,0.0,4096.0,2163.586034,2164.477676
20260225_144327,/home/nikhil/workspace/xeon-fft-bench/src/gpu/latest_run/64k_batch/20260225_144327/manifest.tsv,cufft_gpu,throughput,n2097152_b16,2097152,16,1,compute,1,1.649608,0.0,1.649138,0.0,0.0,0.0,512.0,2135.789397,2136.398547
20260225_144327,/home/nikhil/workspace/xeon-fft-bench/src/gpu/latest_run/64k_batch/20260225_144327/manifest.tsv,cufft_gpu,throughput,n2097152_b2,2097152,2,1,compute,1,0.236749,0.0,0.238126,0.0,0.0,0.0,64.0,1860.2076850000003,1849.446031
20260225_144327,/home/nikhil/workspace/xeon-fft-bench/src/gpu/latest_run/64k_batch/20260225_144327/manifest.tsv,cufft_gpu,throughput,n2097152_b32,2097152,32,1,compute,1,3.280883,0.0,3.278643,0.0,0.0,0.0,1024.0,2147.7238490000004,2149.191188
20260225_144327,/home/nikhil/workspace/xeon-fft-bench/src/gpu/latest_run/64k_batch/20260225_144327/manifest.tsv,cufft_gpu,throughput,n2097152_b4,2097152,4,1,compute,1,0.454195,0.0,0.454195,0.0,0.0,0.0,128.0,1939.262709,1939.262709
20260225_144327,/home/nikhil/workspace/xeon-fft-bench/src/gpu/latest_run/64k_batch/20260225_144327/manifest.tsv,cufft_gpu,throughput,n2097152_b64,2097152,64,1,compute,1,6.527539,0.0,6.527685,0.0,0.0,0.0,2048.0,2158.985386,2158.937189
20260225_144327,/home/nikhil/workspace/xeon-fft-bench/src/gpu/latest_run/64k_batch/20260225_144327/manifest.tsv,cufft_gpu,throughput,n2097152_b8,2097152,8,1,compute,1,0.838242,0.0,0.840195,0.0,0.0,0.0,256.0,2101.551305,2096.664827
20260225_144327,/home/nikhil/workspace/xeon-fft-bench/src/gpu/latest_run/64k_batch/20260225_144327/manifest.tsv,cufft_gpu,throughput,n256_b1,256,1,1,compute,1,0.002762,0.0,0.002714,0.0,0.0,0.0,0.0,3.7079950000000004,3.7735849999999997
20260225_144327,/home/nikhil/workspace/xeon-fft-bench/src/gpu/latest_run/64k_batch/20260225_144327/manifest.tsv,cufft_gpu,throughput,n256_b1024,256,1024,1,compute,1,0.00512,0.0,0.005184,0.0,0.0,0.0,4.0,2048.0000520000003,2022.7160550000003
20260225_144327,/home/nikhil/workspace/xeon-fft-bench/src/gpu/latest_run/64k_batch/20260225_144327/manifest.tsv,cufft_gpu,throughput,n256_b128,256,128,1,compute,1,0.003072,0.0,0.003021,0.0,0.0,0.0,0.5,426.666677,433.898292
20260225_144327,/home/nikhil/workspace/xeon-fft-bench/src/gpu/latest_run/64k_batch/20260225_144327/manifest.tsv,cufft_gpu,throughput,n256_b16,256,16,1,compute,1,0.002765,0.0,0.002714,0.0,0.0,0.0,0.06,59.259259,60.37735899999999
20260225_144327,/home/nikhil/workspace/xeon-fft-bench/src/gpu/latest_run/64k_batch/20260225_144327/manifest.tsv,cufft_gpu,throughput,n256_b16384,256,16384,1,compute,1,0.100344,0.0,0.099994,0.0,0.0,0.0,64.0,1671.969986,1677.8290070000003
20260225_144327,/home/nikhil/workspace/xeon-fft-bench/src/gpu/latest_run/64k_batch/20260225_144327/manifest.tsv,cufft_gpu,throughput,n256_b2,256,2,1,compute,1,0.002714,0.0,0.002714,0.0,0.0,0.0,0.01,7.5471699999999995,7.5471699999999995
20260225_144327,/home/nikhil/workspace/xeon-fft-bench/src/gpu/latest_run/64k_batch/20260225_144327/manifest.tsv,cufft_gpu,throughput,n256_b2048,256,2048,1,compute,1,0.013568,0.0,0.013208,0.0,0.0,0.0,8.0,1545.660321,1587.7891749999997
20260225_144327,/home/nikhil/workspace/xeon-fft-bench/src/gpu/latest_run/64k_batch/20260225_144327/manifest.tsv,cufft_gpu,throughput,n256_b256,256,256,1,compute,1,0.003277,0.0,0.003226,0.0,0.0,0.0,1.0,800.000002,812.6984190000001
20260225_144327,/home/nikhil/workspace/xeon-fft-bench/src/gpu/latest_run/64k_batch/20260225_144327/manifest.tsv,cufft_gpu,throughput,n256_b32,256,32,1,compute,1,0.002765,0.0,0.002765,0.0,0.0,0.0,0.12,118.518518,118.518518
20260225_144327,/home/nikhil/workspace/xeon-fft-bench/src/gpu/latest_run/64k_batch/20260225_144327/manifest.tsv,cufft_gpu,throughput,n256_b32768,256,32768,1,compute,1,0.197478,0.0,0.197939,0.0,0.0,0.0,128.0,1699.144398,1695.1887810000003
20260225_144327,/home/nikhil/workspace/xeon-fft-bench/src/gpu/latest_run/64k_batch/20260225_144327/manifest.tsv,cufft_gpu,throughput,n256_b4,256,4,1,compute,1,0.002765,0.0,0.002765,0.0,0.0,0.0,0.02,14.814815000000001,14.814815000000001
20260225_144327,/home/nikhil/workspace/xeon-fft-bench/src/gpu/latest_run/64k_batch/20260225_144327/manifest.tsv,cufft_gpu,throughput,n256_b4096,256,4096,1,compute,1,0.026989,0.0,0.026555,0.0,0.0,0.0,16.0,1554.090507,1579.4660849999998
20260225_144327,/home/nikhil/workspace/xeon-fft-bench/src/gpu/latest_run/64k_batch/20260225_144327/manifest.tsv,cufft_gpu,throughput,n256_b512,256,512,1,compute,1,0.003939,0.0,0.003883,0.0,0.0,0.0,2.0,1330.9505080000001,1350.144163
20260225_144327,/home/nikhil/workspace/xeon-fft-bench/src/gpu/latest_run/64k_batch/20260225_144327/manifest.tsv,cufft_gpu,throughput,n256_b64,256,64,1,compute,1,0.002918,0.0,0.002867,0.0,0.0,0.0,0.25,224.561399,228.57142500000006
20260225_144327,/home/nikhil/workspace/xeon-fft-bench/src/gpu/latest_run/64k_batch/20260225_144327/manifest.tsv,cufft_gpu,throughput,n256_b65536,256,65536,1,compute,1,0.392504,0.0,0.392141,0.0,0.0,0.0,256.0,1709.762547,1711.3461560000003
20260225_144327,/home/nikhil/workspace/xeon-fft-bench/src/gpu/latest_run/64k_batch/20260225_144327/manifest.tsv,cufft_gpu,throughput,n256_b8,256,8,1,compute,1,0.002816,0.0,0.002765,0.0,0.0,0.0,0.03,29.090909,29.629630000000002
20260225_144327,/home/nikhil/workspace/xeon-fft-bench/src/gpu/latest_run/64k_batch/20260225_144327/manifest.tsv,cufft_gpu,throughput,n256_b8192,256,8192,1,compute,1,0.051354,0.0,0.051464,0.0,0.0,0.0,32.0,1633.4995769999998,1629.99542
20260225_144327,/home/nikhil/workspace/xeon-fft-bench/src/gpu/latest_run/64k_batch/20260225_144327/manifest.tsv,cufft_gpu,throughput,n262144_b1,262144,1,1,compute,1,0.016077,0.0,0.015718,0.0,0.0,0.0,4.0,1467.515903,1500.977153
20260225_144327,/home/nikhil/workspace/xeon-fft-bench/src/gpu/latest_run/64k_batch/20260225_144327/manifest.tsv,cufft_gpu,throughput,n262144_b1024,262144,1024,1,compute,1,12.621722,0.0,12.606157,0.0,0.0,0.0,4096.0,1914.096326,1916.459647
20260225_144327,/home/nikhil/workspace/xeon-fft-bench/src/gpu/latest_run/64k_batch/20260225_144327/manifest.tsv,cufft_gpu,throughput,n262144_b128,262144,128,1,compute,1,1.584845,0.0,1.585238,0.0,0.0,0.0,512.0,1905.485583,1905.012491
20260225_144327,/home/nikhil/workspace/xeon-fft-bench/src/gpu/latest_run/64k_batch/20260225_144327/manifest.tsv,cufft_gpu,throughput,n262144_b16,262144,16,1,compute,1,0.217792,0.0,0.217754,0.0,0.0,0.0,64.0,1733.247053,1733.5527780000002
20260225_144327,/home/nikhil/workspace/xeon-fft-bench/src/gpu/latest_run/64k_batch/20260225_144327/manifest.tsv,cufft_gpu,throughput,n262144_b2,262144,2,1,compute,1,0.0256,0.0,0.025498,0.0,0.0,0.0,8.0,1843.1999120000003,1850.602378
20260225_144327,/home/nikhil/workspace/xeon-fft-bench/src/gpu/latest_run/64k_batch/20260225_144327/manifest.tsv,cufft_gpu,throughput,n262144_b256,262144,256,1,compute,1,3.160269,0.0,3.162875,0.0,0.0,0.0,1024.0,1911.1658450000002,1909.590934
20260225_144327,/home/nikhil/workspace/xeon-fft-bench/src/gpu/latest_run/64k_batch/20260225_144327/manifest.tsv,cufft_gpu,throughput,n262144_b32,262144,32,1,compute,1,0.427366,0.0,0.426899,0.0,0.0,0.0,128.0,1766.574818,1768.508185
20260225_144327,/home/nikhil/workspace/xeon-fft-bench/src/gpu/latest_run/64k_batch/20260225_144327/manifest.tsv,cufft_gpu,throughput,n262144_b4,262144,4,1,compute,1,0.057382,0.0,0.057344,0.0,0.0,0.0,16.0,1644.613016,1645.714242
20260225_144327,/home/nikhil/workspace/xeon-fft-bench/src/gpu/latest_run/64k_batch/20260225_144327/manifest.tsv,cufft_gpu,throughput,n262144_b512,262144,512,1,compute,1,6.31664,0.0,6.316406,0.0,0.0,0.0,2048.0,1912.345067,1912.4158649999997
20260225_144327,/home/nikhil/workspace/xeon-fft-bench/src/gpu/latest_run/64k_batch/20260225_144327/manifest.tsv,cufft_gpu,throughput,n262144_b64,262144,64,1,compute,1,0.796211,0.0,0.795341,0.0,0.0,0.0,256.0,1896.418249,1898.4936829999997
20260225_144327,/home/nikhil/workspace/xeon-fft-bench/src/gpu/latest_run/64k_batch/20260225_144327/manifest.tsv,cufft_gpu,throughput,n262144_b8,262144,8,1,compute,1,0.113664,0.0,0.11305,0.0,0.0,0.0,32.0,1660.54061,1669.5651799999998
20260225_144327,/home/nikhil/workspace/xeon-fft-bench/src/gpu/latest_run/64k_batch/20260225_144327/manifest.tsv,cufft_gpu,throughput,n32768_b1,32768,1,1,compute,1,0.00829,0.0,0.008192,0.0,0.0,0.0,0.5,296.46785700000004,300.0000079999999
20260225_144327,/home/nikhil/workspace/xeon-fft-bench/src/gpu/latest_run/64k_batch/20260225_144327/manifest.tsv,cufft_gpu,throughput,n32768_b1024,32768,1024,1,compute,1,1.581107,0.0,1.581666,0.0,0.0,0.0,512.0,1591.6582659999997,1591.0963619999998
20260225_144327,/home/nikhil/workspace/xeon-fft-bench/src/gpu/latest_run/64k_batch/20260225_144327/manifest.tsv,cufft_gpu,throughput,n32768_b128,32768,128,1,compute,1,0.21504,0.0,0.214733,0.0,0.0,0.0,64.0,1462.857195,1464.949997
20260225_144327,/home/nikhil/workspace/xeon-fft-bench/src/gpu/latest_run/64k_batch/20260225_144327/manifest.tsv,cufft_gpu,throughput,n32768_b16,32768,16,1,compute,1,0.025139,0.0,0.025139,0.0,0.0,0.0,8.0,1564.154743,1564.154743
20260225_144327,/home/nikhil/workspace/xeon-fft-bench/src/gpu/latest_run/64k_batch/20260225_144327/manifest.tsv,cufft_gpu,throughput,n32768_b2,32768,2,1,compute,1,0.008243,0.0,0.00824,0.0,0.0,0.0,1.0,596.273279,596.5048430000002
20260225_144327,/home/nikhil/workspace/xeon-fft-bench/src/gpu/latest_run/64k_batch/20260225_144327/manifest.tsv,cufft_gpu,throughput,n32768_b2048,32768,2048,1,compute,1,3.15817,0.0,3.157542,0.0,0.0,0.0,1024.0,1593.696827,1594.01336
20260225_144327,/home/nikhil/workspace/xeon-fft-bench/src/gpu/latest_run/64k_batch/20260225_144327/manifest.tsv,cufft_gpu,throughput,n32768_b256,32768,256,1,compute,1,0.424346,0.0,0.424448,0.0,0.0,0.0,128.0,1482.625522,1482.267746
20260225_144327,/home/nikhil/workspace/xeon-fft-bench/src/gpu/latest_run/64k_batch/20260225_144327/manifest.tsv,cufft_gpu,throughput,n32768_b32,32768,32,1,compute,1,0.057088,0.0,0.056781,0.0,0.0,0.0,16.0,1377.578485,1385.031627
20260225_144327,/home/nikhil/workspace/xeon-fft-bench/src/gpu/latest_run/64k_batch/20260225_144327/manifest.tsv,cufft_gpu,throughput,n32768_b4,32768,4,1,compute,1,0.008699,0.0,0.008642,0.0,0.0,0.0,2.0,1130.034906,1137.567135
20260225_144327,/home/nikhil/workspace/xeon-fft-bench/src/gpu/latest_run/64k_batch/20260225_144327/manifest.tsv,cufft_gpu,throughput,n32768_b4096,32768,4096,1,compute,1,6.312288,0.0,6.306702,0.0,0.0,0.0,2048.0,1594.719657,1596.132008
20260225_144327,/home/nikhil/workspace/xeon-fft-bench/src/gpu/latest_run/64k_batch/20260225_144327/manifest.tsv,cufft_gpu,throughput,n32768_b512,32768,512,1,compute,1,0.793498,0.0,0.793656,0.0,0.0,0.0,256.0,1585.7529799999998,1585.4364810000002
20260225_144327,/home/nikhil/workspace/xeon-fft-bench/src/gpu/latest_run/64k_batch/20260225_144327/manifest.tsv,cufft_gpu,throughput,n32768_b64,32768,64,1,compute,1,0.110027,0.0,0.110234,0.0,0.0,0.0,32.0,1429.522804,1426.846198
20260225_144327,/home/nikhil/workspace/xeon-fft-bench/src/gpu/latest_run/64k_batch/20260225_144327/manifest.tsv,cufft_gpu,throughput,n32768_b8,32768,8,1,compute,1,0.01408,0.0,0.014045,0.0,0.0,0.0,4.0,1396.363644,1399.8632550000002
20260225_144327,/home/nikhil/workspace/xeon-fft-bench/src/gpu/latest_run/64k_batch/20260225_144327/manifest.tsv,cufft_gpu,throughput,n32768_b8192,32768,8192,1,compute,1,12.617373,0.0,12.595557,0.0,0.0,0.0,4096.0,1595.630039,1598.3937649999998
20260225_144327,/home/nikhil/workspace/xeon-fft-bench/src/gpu/latest_run/64k_batch/20260225_144327/manifest.tsv,cufft_gpu,throughput,n32_b1,32,1,1,compute,1,0.002606,0.0,0.002509,0.0,0.0,0.0,0.0,0.306937,0.318878
20260225_144327,/home/nikhil/workspace/xeon-fft-bench/src/gpu/latest_run/64k_batch/20260225_144327/manifest.tsv,cufft_gpu,throughput,n32_b1024,32,1024,1,compute,1,0.003027,0.0,0.003029,0.0,0.0,0.0,0.5,270.613112,270.470156
20260225_144327,/home/nikhil/workspace/xeon-fft-bench/src/gpu/latest_run/64k_batch/20260225_144327/manifest.tsv,cufft_gpu,throughput,n32_b128,32,128,1,compute,1,0.002931,0.0,0.002918,0.0,0.0,0.0,0.06,34.934498,35.087719
20260225_144327,/home/nikhil/workspace/xeon-fft-bench/src/gpu/latest_run/64k_batch/20260225_144327/manifest.tsv,cufft_gpu,throughput,n32_b16,32,16,1,compute,1,0.002662,0.0,0.002677,0.0,0.0,0.0,0.01,4.807692,4.781829000000001
20260225_144327,/home/nikhil/workspace/xeon-fft-bench/src/gpu/latest_run/64k_batch/20260225_144327/manifest.tsv,cufft_gpu,throughput,n32_b16384,32,16384,1,compute,1,0.012643,0.0,0.01253,0.0,0.0,0.0,8.0,1036.6995569999997,1046.098866
20260225_144327,/home/nikhil/workspace/xeon-fft-bench/src/gpu/latest_run/64k_batch/20260225_144327/manifest.tsv,cufft_gpu,throughput,n32_b2,32,2,1,compute,1,0.002597,0.0,0.002816,0.0,0.0,0.0,0.0,0.616143,0.568182
20260225_144327,/home/nikhil/workspace/xeon-fft-bench/src/gpu/latest_run/64k_batch/20260225_144327/manifest.tsv,cufft_gpu,throughput,n32_b2048,32,2048,1,compute,1,0.003226,0.0,0.003226,0.0,0.0,0.0,1.0,507.936512,507.936512
20260225_144327,/home/nikhil/workspace/xeon-fft-bench/src/gpu/latest_run/64k_batch/20260225_144327/manifest.tsv,cufft_gpu,throughput,n32_b256,32,256,1,compute,1,0.00297,0.0,0.002918,0.0,0.0,0.0,0.12,68.965516,70.175437
20260225_144327,/home/nikhil/workspace/xeon-fft-bench/src/gpu/latest_run/64k_batch/20260225_144327/manifest.tsv,cufft_gpu,throughput,n32_b32,32,32,1,compute,1,0.002867,0.0,0.002963,0.0,0.0,0.0,0.02,8.928571,8.639309
20260225_144327,/home/nikhil/workspace/xeon-fft-bench/src/gpu/latest_run/64k_batch/20260225_144327/manifest.tsv,cufft_gpu,throughput,n32_b32768,32,32768,1,compute,1,0.026214,0.0,0.026317,0.0,0.0,0.0,16.0,1000.0000030000001,996.108922
20260225_144327,/home/nikhil/workspace/xeon-fft-bench/src/gpu/latest_run/64k_batch/20260225_144327/manifest.tsv,cufft_gpu,throughput,n32_b4,32,4,1,compute,1,0.00256,0.0,0.002658,0.0,0.0,0.0,0.0,1.25,1.2040940000000002
20260225_144327,/home/nikhil/workspace/xeon-fft-bench/src/gpu/latest_run/64k_batch/20260225_144327/manifest.tsv,cufft_gpu,throughput,n32_b4096,32,4096,1,compute,1,0.004184,0.0,0.004045,0.0,0.0,0.0,2.0,783.1740300000001,810.126606
20260225_144327,/home/nikhil/workspace/xeon-fft-bench/src/gpu/latest_run/64k_batch/20260225_144327/manifest.tsv,cufft_gpu,throughput,n32_b512,32,512,1,compute,1,0.002918,0.0,0.00297,0.0,0.0,0.0,0.25,140.350874,137.931031
20260225_144327,/home/nikhil/workspace/xeon-fft-bench/src/gpu/latest_run/64k_batch/20260225_144327/manifest.tsv,cufft_gpu,throughput,n32_b64,32,64,1,compute,1,0.002907,0.0,0.002856,0.0,0.0,0.0,0.03,17.611448,17.927171
20260225_144327,/home/nikhil/workspace/xeon-fft-bench/src/gpu/latest_run/64k_batch/20260225_144327/manifest.tsv,cufft_gpu,throughput,n32_b65536,32,65536,1,compute,1,0.050586,0.0,0.050598,0.0,0.0,0.0,32.0,1036.437293,1036.1750399999999
20260225_144327,/home/nikhil/workspace/xeon-fft-bench/src/gpu/latest_run/64k_batch/20260225_144327/manifest.tsv,cufft_gpu,throughput,n32_b8,32,8,1,compute,1,0.002662,0.0,0.00256,0.0,0.0,0.0,0.0,2.403846,2.5
20260225_144327,/home/nikhil/workspace/xeon-fft-bench/src/gpu/latest_run/64k_batch/20260225_144327/manifest.tsv,cufft_gpu,throughput,n32_b8192,32,8192,1,compute,1,0.005478,0.0,0.005478,0.0,0.0,0.0,4.0,1196.261684,1196.261684
20260225_144327,/home/nikhil/workspace/xeon-fft-bench/src/gpu/latest_run/64k_batch/20260225_144327/manifest.tsv,cufft_gpu,throughput,n4096_b1,4096,1,1,compute,1,0.004813,0.0,0.00485,0.0,0.0,0.0,0.06,51.063827999999994,50.676344
20260225_144327,/home/nikhil/workspace/xeon-fft-bench/src/gpu/latest_run/64k_batch/20260225_144327/manifest.tsv,cufft_gpu,throughput,n4096_b1024,4096,1024,1,compute,1,0.099269,0.0,0.099379,0.0,0.0,0.0,64.0,2535.119191,2532.3029429999997
20260225_144327,/home/nikhil/workspace/xeon-fft-bench/src/gpu/latest_run/64k_batch/20260225_144327/manifest.tsv,cufft_gpu,throughput,n4096_b128,4096,128,1,compute,1,0.015462,0.0,0.015218,0.0,0.0,0.0,8.0,2034.437084,2067.164435
20260225_144327,/home/nikhil/workspace/xeon-fft-bench/src/gpu/latest_run/64k_batch/20260225_144327/manifest.tsv,cufft_gpu,throughput,n4096_b16,4096,16,1,compute,1,0.005011,0.0,0.004966,0.0,0.0,0.0,1.0,784.6743039999999,791.752606
20260225_144327,/home/nikhil/workspace/xeon-fft-bench/src/gpu/latest_run/64k_batch/20260225_144327/manifest.tsv,cufft_gpu,throughput,n4096_b16384,4096,16384,1,compute,1,1.565683,0.0,1.565798,0.0,0.0,0.0,1024.0,2571.741146,2571.5519290000007
20260225_144327,/home/nikhil/workspace/xeon-fft-bench/src/gpu/latest_run/64k_batch/20260225_144327/manifest.tsv,cufft_gpu,throughput,n4096_b2,4096,2,1,compute,1,0.004864,0.0,0.004813,0.0,0.0,0.0,0.12,101.05262800000001,102.127657
20260225_144327,/home/nikhil/workspace/xeon-fft-bench/src/gpu/latest_run/64k_batch/20260225_144327/manifest.tsv,cufft_gpu,throughput,n4096_b2048,4096,2048,1,compute,1,0.197018,0.0,0.196658,0.0,0.0,0.0,128.0,2554.677779,2559.354355
20260225_144327,/home/nikhil/workspace/xeon-fft-bench/src/gpu/latest_run/64k_batch/20260225_144327/manifest.tsv,cufft_gpu,throughput,n4096_b256,4096,256,1,compute,1,0.027034,0.0,0.026982,0.0,0.0,0.0,16.0,2327.272709,2331.68882
20260225_144327,/home/nikhil/workspace/xeon-fft-bench/src/gpu/latest_run/64k_batch/20260225_144327/manifest.tsv,cufft_gpu,throughput,n4096_b32,4096,32,1,compute,1,0.00512,0.0,0.005171,0.0,0.0,0.0,2.0,1536.000039,1520.792112
20260225_144327,/home/nikhil/workspace/xeon-fft-bench/src/gpu/latest_run/64k_batch/20260225_144327/manifest.tsv,cufft_gpu,throughput,n4096_b32768,4096,32768,1,compute,1,3.129805,0.0,3.129498,0.0,0.0,0.0,2048.0,2573.024259,2573.276894
20260225_144327,/home/nikhil/workspace/xeon-fft-bench/src/gpu/latest_run/64k_batch/20260225_144327/manifest.tsv,cufft_gpu,throughput,n4096_b4,4096,4,1,compute,1,0.004966,0.0,0.004966,0.0,0.0,0.0,0.25,197.938152,197.938152
20260225_144327,/home/nikhil/workspace/xeon-fft-bench/src/gpu/latest_run/64k_batch/20260225_144327/manifest.tsv,cufft_gpu,throughput,n4096_b4096,4096,4096,1,compute,1,0.392294,0.0,0.392038,0.0,0.0,0.0,256.0,2566.01405,2567.689741
20260225_144327,/home/nikhil/workspace/xeon-fft-bench/src/gpu/latest_run/64k_batch/20260225_144327/manifest.tsv,cufft_gpu,throughput,n4096_b512,4096,512,1,compute,1,0.05375,0.0,0.053389,0.0,0.0,0.0,32.0,2340.989387,2356.844959
20260225_144327,/home/nikhil/workspace/xeon-fft-bench/src/gpu/latest_run/64k_batch/20260225_144327/manifest.tsv,cufft_gpu,throughput,n4096_b64,4096,64,1,compute,1,0.006451,0.0,0.006502,0.0,0.0,0.0,4.0,2438.095257,2418.897512
20260225_144327,/home/nikhil/workspace/xeon-fft-bench/src/gpu/latest_run/64k_batch/20260225_144327/manifest.tsv,cufft_gpu,throughput,n4096_b65536,4096,65536,1,compute,1,6.256229,0.0,6.257766,0.0,0.0,0.0,4096.0,2574.414762,2573.782158
20260225_144327,/home/nikhil/workspace/xeon-fft-bench/src/gpu/latest_run/64k_batch/20260225_144327/manifest.tsv,cufft_gpu,throughput,n4096_b8,4096,8,1,compute,1,0.005008,0.0,0.004974,0.0,0.0,0.0,0.5,392.587849,395.239636
20260225_144327,/home/nikhil/workspace/xeon-fft-bench/src/gpu/latest_run/64k_batch/20260225_144327/manifest.tsv,cufft_gpu,throughput,n4096_b8192,4096,8192,1,compute,1,0.783656,0.0,0.783507,0.0,0.0,0.0,512.0,2569.068543,2569.556361
20260225_144327,/home/nikhil/workspace/xeon-fft-bench/src/gpu/latest_run/64k_batch/20260225_144327/manifest.tsv,cufft_gpu,throughput,n4194304_b1,4194304,1,1,compute,1,0.260699,0.0,0.259533,0.0,0.0,0.0,64.0,1769.7539500000003,1777.707571
20260225_144327,/home/nikhil/workspace/xeon-fft-bench/src/gpu/latest_run/64k_batch/20260225_144327/manifest.tsv,cufft_gpu,throughput,n4194304_b16,4194304,16,1,compute,1,3.721818,0.0,3.726643,0.0,0.0,0.0,1024.0,1983.4326869999998,1980.864361
20260225_144327,/home/nikhil/workspace/xeon-fft-bench/src/gpu/latest_run/64k_batch/20260225_144327/manifest.tsv,cufft_gpu,throughput,n4194304_b2,4194304,2,1,compute,1,0.509952,0.0,0.510872,0.0,0.0,0.0,128.0,1809.477838,1806.219389
20260225_144327,/home/nikhil/workspace/xeon-fft-bench/src/gpu/latest_run/64k_batch/20260225_144327/manifest.tsv,cufft_gpu,throughput,n4194304_b32,4194304,32,1,compute,1,7.438182,0.0,7.379302,0.0,0.0,0.0,2048.0,1984.886891,2000.7244110000001
20260225_144327,/home/nikhil/workspace/xeon-fft-bench/src/gpu/latest_run/64k_batch/20260225_144327/manifest.tsv,cufft_gpu,throughput,n4194304_b4,4194304,4,1,compute,1,0.949606,0.0,0.949494,0.0,0.0,0.0,256.0,1943.430166,1943.659525
20260225_144327,/home/nikhil/workspace/xeon-fft-bench/src/gpu/latest_run/64k_batch/20260225_144327/manifest.tsv,cufft_gpu,throughput,n4194304_b64,4194304,64,1,compute,1,14.781337,0.0,14.564041,0.0,0.0,0.0,4096.0,1997.647453,2027.4523999999997
20260225_144327,/home/nikhil/workspace/xeon-fft-bench/src/gpu/latest_run/64k_batch/20260225_144327/manifest.tsv,cufft_gpu,throughput,n4194304_b8,4194304,8,1,compute,1,1.879437,0.0,1.877965,0.0,0.0,0.0,512.0,1963.879484,1965.418923
20260225_144327,/home/nikhil/workspace/xeon-fft-bench/src/gpu/latest_run/64k_batch/20260225_144327/manifest.tsv,cufft_gpu,throughput,n512_b1,512,1,1,compute,1,0.003123,0.0,0.003085,0.0,0.0,0.0,0.01,7.3770489999999995,7.468880000000001
20260225_144327,/home/nikhil/workspace/xeon-fft-bench/src/gpu/latest_run/64k_batch/20260225_144327/manifest.tsv,cufft_gpu,throughput,n512_b1024,512,1024,1,compute,1,0.01449,0.0,0.013875,0.0,0.0,0.0,8.0,1628.2685439999998,1700.369022
20260225_144327,/home/nikhil/workspace/xeon-fft-bench/src/gpu/latest_run/64k_batch/20260225_144327/manifest.tsv,cufft_gpu,throughput,n512_b128,512,128,1,compute,1,0.003584,0.0,0.003533,0.0,0.0,0.0,1.0,822.857121,834.7825900000001
20260225_144327,/home/nikhil/workspace/xeon-fft-bench/src/gpu/latest_run/64k_batch/20260225_144327/manifest.tsv,cufft_gpu,throughput,n512_b16,512,16,1,compute,1,0.003226,0.0,0.003174,0.0,0.0,0.0,0.12,114.285715,116.129034
20260225_144327,/home/nikhil/workspace/xeon-fft-bench/src/gpu/latest_run/64k_batch/20260225_144327/manifest.tsv,cufft_gpu,throughput,n512_b16384,512,16384,1,compute,1,0.198622,0.0,0.198298,0.0,0.0,0.0,128.0,1900.5275809999998,1903.6406269999998
20260225_144327,/home/nikhil/workspace/xeon-fft-bench/src/gpu/latest_run/64k_batch/20260225_144327/manifest.tsv,cufft_gpu,throughput,n512_b2,512,2,1,compute,1,0.003123,0.0,0.003123,0.0,0.0,0.0,0.02,14.754099,14.754099
20260225_144327,/home/nikhil/workspace/xeon-fft-bench/src/gpu/latest_run/64k_batch/20260225_144327/manifest.tsv,cufft_gpu,throughput,n512_b2048,512,2048,1,compute,1,0.027597,0.0,0.027392,0.0,0.0,0.0,16.0,1709.833115,1722.616825
20260225_144327,/home/nikhil/workspace/xeon-fft-bench/src/gpu/latest_run/64k_batch/20260225_144327/manifest.tsv,cufft_gpu,throughput,n512_b256,512,256,1,compute,1,0.004355,0.0,0.004403,0.0,0.0,0.0,2.0,1354.298308,1339.534884
20260225_144327,/home/nikhil/workspace/xeon-fft-bench/src/gpu/latest_run/64k_batch/20260225_144327/manifest.tsv,cufft_gpu,throughput,n512_b32,512,32,1,compute,1,0.003226,0.0,0.003226,0.0,0.0,0.0,0.25,228.57143,228.57143
20260225_144327,/home/nikhil/workspace/xeon-fft-bench/src/gpu/latest_run/64k_batch/20260225_144327/manifest.tsv,cufft_gpu,throughput,n512_b32768,512,32768,1,compute,1,0.39383,0.0,0.394138,0.0,0.0,0.0,256.0,1917.0047060000002,1915.5105359999998
20260225_144327,/home/nikhil/workspace/xeon-fft-bench/src/gpu/latest_run/64k_batch/20260225_144327/manifest.tsv,cufft_gpu,throughput,n512_b4,512,4,1,compute,1,0.003219,0.0,0.003219,0.0,0.0,0.0,0.03,28.628231,28.628231
20260225_144327,/home/nikhil/workspace/xeon-fft-bench/src/gpu/latest_run/64k_batch/20260225_144327/manifest.tsv,cufft_gpu,throughput,n512_b4096,512,4096,1,compute,1,0.051978,0.0,0.052019,0.0,0.0,0.0,32.0,1815.6252390000002,1814.1731340000001
20260225_144327,/home/nikhil/workspace/xeon-fft-bench/src/gpu/latest_run/64k_batch/20260225_144327/manifest.tsv,cufft_gpu,throughput,n512_b512,512,512,1,compute,1,0.005632,0.0,0.005632,0.0,0.0,0.0,4.0,2094.545438,2094.545438
20260225_144327,/home/nikhil/workspace/xeon-fft-bench/src/gpu/latest_run/64k_batch/20260225_144327/manifest.tsv,cufft_gpu,throughput,n512_b64,512,64,1,compute,1,0.003379,0.0,0.003363,0.0,0.0,0.0,0.5,436.363633,438.43959399999994
20260225_144327,/home/nikhil/workspace/xeon-fft-bench/src/gpu/latest_run/64k_batch/20260225_144327/manifest.tsv,cufft_gpu,throughput,n512_b65536,512,65536,1,compute,1,0.784538,0.0,0.783923,0.0,0.0,0.0,512.0,1924.636164,1926.14461
20260225_144327,/home/nikhil/workspace/xeon-fft-bench/src/gpu/latest_run/64k_batch/20260225_144327/manifest.tsv,cufft_gpu,throughput,n512_b8,512,8,1,compute,1,0.003226,0.0,0.003174,0.0,0.0,0.0,0.06,57.142858000000004,58.064517
20260225_144327,/home/nikhil/workspace/xeon-fft-bench/src/gpu/latest_run/64k_batch/20260225_144327/manifest.tsv,cufft_gpu,throughput,n512_b8192,512,8192,1,compute,1,0.101171,0.0,0.10112,0.0,0.0,0.0,64.0,1865.587127,1866.5317360000001
20260225_144327,/home/nikhil/workspace/xeon-fft-bench/src/gpu/latest_run/64k_batch/20260225_144327/manifest.tsv,cufft_gpu,throughput,n524288_b1,524288,1,1,compute,1,0.027534,0.0,0.027443,0.0,0.0,0.0,8.0,1808.913847,1814.9253499999998
20260225_144327,/home/nikhil/workspace/xeon-fft-bench/src/gpu/latest_run/64k_batch/20260225_144327/manifest.tsv,cufft_gpu,throughput,n524288_b128,524288,128,1,compute,1,3.167334,0.0,3.166707,0.0,0.0,0.0,1024.0,2012.8415079999997,2013.240132
20260225_144327,/home/nikhil/workspace/xeon-fft-bench/src/gpu/latest_run/64k_batch/20260225_144327/manifest.tsv,cufft_gpu,throughput,n524288_b16,524288,16,1,compute,1,0.433098,0.0,0.433254,0.0,0.0,0.0,128.0,1840.041963,1839.376098
20260225_144327,/home/nikhil/workspace/xeon-fft-bench/src/gpu/latest_run/64k_batch/20260225_144327/manifest.tsv,cufft_gpu,throughput,n524288_b2,524288,2,1,compute,1,0.059792,0.0,0.060314,0.0,0.0,0.0,16.0,1666.0208709999997,1651.612895
20260225_144327,/home/nikhil/workspace/xeon-fft-bench/src/gpu/latest_run/64k_batch/20260225_144327/manifest.tsv,cufft_gpu,throughput,n524288_b256,524288,256,1,compute,1,6.32048,0.0,6.31977,0.0,0.0,0.0,2048.0,2017.3601099999998,2017.5868469999998
20260225_144327,/home/nikhil/workspace/xeon-fft-bench/src/gpu/latest_run/64k_batch/20260225_144327/manifest.tsv,cufft_gpu,throughput,n524288_b32,524288,32,1,compute,1,0.801536,0.0,0.80169,0.0,0.0,0.0,256.0,1988.4765549999997,1988.0954809999998
20260225_144327,/home/nikhil/workspace/xeon-fft-bench/src/gpu/latest_run/64k_batch/20260225_144327/manifest.tsv,cufft_gpu,throughput,n524288_b4,524288,4,1,compute,1,0.118618,0.0,0.118067,0.0,0.0,0.0,32.0,1679.594341,1687.42404
20260225_144327,/home/nikhil/workspace/xeon-fft-bench/src/gpu/latest_run/64k_batch/20260225_144327/manifest.tsv,cufft_gpu,throughput,n524288_b512,524288,512,1,compute,1,12.626585,0.0,12.621465,0.0,0.0,0.0,4096.0,2019.656743,2020.4760470000003
20260225_144327,/home/nikhil/workspace/xeon-fft-bench/src/gpu/latest_run/64k_batch/20260225_144327/manifest.tsv,cufft_gpu,throughput,n524288_b64,524288,64,1,compute,1,1.590221,0.0,1.590067,0.0,0.0,0.0,512.0,2004.5461450000003,2004.7398299999998
20260225_144327,/home/nikhil/workspace/xeon-fft-bench/src/gpu/latest_run/64k_batch/20260225_144327/manifest.tsv,cufft_gpu,throughput,n524288_b8,524288,8,1,compute,1,0.223016,0.0,0.222816,0.0,0.0,0.0,64.0,1786.68293,1788.286735
20260225_144327,/home/nikhil/workspace/xeon-fft-bench/src/gpu/latest_run/64k_batch/20260225_144327/manifest.tsv,cufft_gpu,throughput,n64_b1,64,1,1,compute,1,0.002355,0.0,0.002406,0.0,0.0,0.0,0.0,0.815217,0.797872
20260225_144327,/home/nikhil/workspace/xeon-fft-bench/src/gpu/latest_run/64k_batch/20260225_144327/manifest.tsv,cufft_gpu,throughput,n64_b1024,64,1024,1,compute,1,0.003072,0.0,0.003061,0.0,0.0,0.0,1.0,640.000016,642.341867
20260225_144327,/home/nikhil/workspace/xeon-fft-bench/src/gpu/latest_run/64k_batch/20260225_144327/manifest.tsv,cufft_gpu,throughput,n64_b128,64,128,1,compute,1,0.002502,0.0,0.002509,0.0,0.0,0.0,0.12,98.209716,97.959187
20260225_144327,/home/nikhil/workspace/xeon-fft-bench/src/gpu/latest_run/64k_batch/20260225_144327/manifest.tsv,cufft_gpu,throughput,n64_b16,64,16,1,compute,1,0.002458,0.0,0.002458,0.0,0.0,0.0,0.02,12.500000000000002,12.500000000000002
20260225_144327,/home/nikhil/workspace/xeon-fft-bench/src/gpu/latest_run/64k_batch/20260225_144327/manifest.tsv,cufft_gpu,throughput,n64_b16384,64,16384,1,compute,1,0.026419,0.0,0.026414,0.0,0.0,0.0,16.0,1190.697741,1190.914032
20260225_144327,/home/nikhil/workspace/xeon-fft-bench/src/gpu/latest_run/64k_batch/20260225_144327/manifest.tsv,cufft_gpu,throughput,n64_b2,64,2,1,compute,1,0.002406,0.0,0.002402,0.0,0.0,0.0,0.0,1.595745,1.598934
20260225_144327,/home/nikhil/workspace/xeon-fft-bench/src/gpu/latest_run/64k_batch/20260225_144327/manifest.tsv,cufft_gpu,throughput,n64_b2048,64,2048,1,compute,1,0.003738,0.0,0.003738,0.0,0.0,0.0,2.0,1052.054753,1052.054753
20260225_144327,/home/nikhil/workspace/xeon-fft-bench/src/gpu/latest_run/64k_batch/20260225_144327/manifest.tsv,cufft_gpu,throughput,n64_b256,64,256,1,compute,1,0.00256,0.0,0.002509,0.0,0.0,0.0,0.25,192.00000500000002,195.918374
20260225_144327,/home/nikhil/workspace/xeon-fft-bench/src/gpu/latest_run/64k_batch/20260225_144327/manifest.tsv,cufft_gpu,throughput,n64_b32,64,32,1,compute,1,0.00256,0.0,0.002509,0.0,0.0,0.0,0.03,24.000001000000005,24.489797
20260225_144327,/home/nikhil/workspace/xeon-fft-bench/src/gpu/latest_run/64k_batch/20260225_144327/manifest.tsv,cufft_gpu,throughput,n64_b32768,64,32768,1,compute,1,0.05139,0.0,0.051339,0.0,0.0,0.0,32.0,1224.247389,1225.468326
20260225_144327,/home/nikhil/workspace/xeon-fft-bench/src/gpu/latest_run/64k_batch/20260225_144327/manifest.tsv,cufft_gpu,throughput,n64_b4,64,4,1,compute,1,0.002355,0.0,0.002406,0.0,0.0,0.0,0.0,3.260869,3.1914890000000002
20260225_144327,/home/nikhil/workspace/xeon-fft-bench/src/gpu/latest_run/64k_batch/20260225_144327/manifest.tsv,cufft_gpu,throughput,n64_b4096,64,4096,1,compute,1,0.004557,0.0,0.004506,0.0,0.0,0.0,4.0,1725.842677,1745.4545319999997
20260225_144327,/home/nikhil/workspace/xeon-fft-bench/src/gpu/latest_run/64k_batch/20260225_144327/manifest.tsv,cufft_gpu,throughput,n64_b512,64,512,1,compute,1,0.002714,0.0,0.002699,0.0,0.0,0.0,0.5,362.264153,364.1967900000001
20260225_144327,/home/nikhil/workspace/xeon-fft-bench/src/gpu/latest_run/64k_batch/20260225_144327/manifest.tsv,cufft_gpu,throughput,n64_b64,64,64,1,compute,1,0.002549,0.0,0.002803,0.0,0.0,0.0,0.06,48.210922000000004,43.83561799999999
20260225_144327,/home/nikhil/workspace/xeon-fft-bench/src/gpu/latest_run/64k_batch/20260225_144327/manifest.tsv,cufft_gpu,throughput,n64_b65536,64,65536,1,compute,1,0.100184,0.0,0.100146,0.0,0.0,0.0,64.0,1255.980202,1256.461764
20260225_144327,/home/nikhil/workspace/xeon-fft-bench/src/gpu/latest_run/64k_batch/20260225_144327/manifest.tsv,cufft_gpu,throughput,n64_b8,64,8,1,compute,1,0.002406,0.0,0.002406,0.0,0.0,0.0,0.01,6.382979000000001,6.382979000000001
20260225_144327,/home/nikhil/workspace/xeon-fft-bench/src/gpu/latest_run/64k_batch/20260225_144327/manifest.tsv,cufft_gpu,throughput,n64_b8192,64,8192,1,compute,1,0.012792,0.0,0.012032,0.0,0.0,0.0,8.0,1229.5684639999997,1307.2340449999997
20260225_144327,/home/nikhil/workspace/xeon-fft-bench/src/gpu/latest_run/64k_batch/20260225_144327/manifest.tsv,cufft_gpu,throughput,n65536_b1,65536,1,1,compute,1,0.007619,0.0,0.007534,0.0,0.0,0.0,1.0,688.114247,695.8590279999999
20260225_144327,/home/nikhil/workspace/xeon-fft-bench/src/gpu/latest_run/64k_batch/20260225_144327/manifest.tsv,cufft_gpu,throughput,n65536_b1024,65536,1024,1,compute,1,3.148941,0.0,3.149013,0.0,0.0,0.0,1024.0,1704.925363,1704.8864310000001
20260225_144327,/home/nikhil/workspace/xeon-fft-bench/src/gpu/latest_run/64k_batch/20260225_144327/manifest.tsv,cufft_gpu,throughput,n65536_b128,65536,128,1,compute,1,0.425626,0.0,0.425566,0.0,0.0,0.0,128.0,1576.711137,1576.930557
20260225_144327,/home/nikhil/workspace/xeon-fft-bench/src/gpu/latest_run/64k_batch/20260225_144327/manifest.tsv,cufft_gpu,throughput,n65536_b16,65536,16,1,compute,1,0.057352,0.0,0.057139,0.0,0.0,0.0,16.0,1462.6530780000003,1468.100359
20260225_144327,/home/nikhil/workspace/xeon-fft-bench/src/gpu/latest_run/64k_batch/20260225_144327/manifest.tsv,cufft_gpu,throughput,n65536_b2,65536,2,1,compute,1,0.008602,0.0,0.00855,0.0,0.0,0.0,2.0,1219.047629,1226.347264
20260225_144327,/home/nikhil/workspace/xeon-fft-bench/src/gpu/latest_run/64k_batch/20260225_144327/manifest.tsv,cufft_gpu,throughput,n65536_b2048,65536,2048,1,compute,1,6.291302,0.0,6.280602,0.0,0.0,0.0,2048.0,1706.70831,1709.616227
20260225_144327,/home/nikhil/workspace/xeon-fft-bench/src/gpu/latest_run/64k_batch/20260225_144327/manifest.tsv,cufft_gpu,throughput,n65536_b256,65536,256,1,compute,1,0.789555,0.0,0.789504,0.0,0.0,0.0,256.0,1699.915665,1700.025933
20260225_144327,/home/nikhil/workspace/xeon-fft-bench/src/gpu/latest_run/64k_batch/20260225_144327/manifest.tsv,cufft_gpu,throughput,n65536_b32,65536,32,1,compute,1,0.110278,0.0,0.109875,0.0,0.0,0.0,32.0,1521.351001,1526.9337999999998
20260225_144327,/home/nikhil/workspace/xeon-fft-bench/src/gpu/latest_run/64k_batch/20260225_144327/manifest.tsv,cufft_gpu,throughput,n65536_b4,65536,4,1,compute,1,0.013363,0.0,0.013405,0.0,0.0,0.0,4.0,1569.3486089999997,1564.478396
20260225_144327,/home/nikhil/workspace/xeon-fft-bench/src/gpu/latest_run/64k_batch/20260225_144327/manifest.tsv,cufft_gpu,throughput,n65536_b4096,65536,4096,1,compute,1,12.577946,0.0,12.55423,0.0,0.0,0.0,4096.0,1707.340529,1710.5657320000003
20260225_144327,/home/nikhil/workspace/xeon-fft-bench/src/gpu/latest_run/64k_batch/20260225_144327/manifest.tsv,cufft_gpu,throughput,n65536_b512,65536,512,1,compute,1,1.577882,0.0,1.576858,0.0,0.0,0.0,512.0,1701.2395110000002,1702.3443440000003
20260225_144327,/home/nikhil/workspace/xeon-fft-bench/src/gpu/latest_run/64k_batch/20260225_144327/manifest.tsv,cufft_gpu,throughput,n65536_b64,65536,64,1,compute,1,0.214736,0.0,0.214886,0.0,0.0,0.0,64.0,1562.589908,1561.4962839999998
20260225_144327,/home/nikhil/workspace/xeon-fft-bench/src/gpu/latest_run/64k_batch/20260225_144327/manifest.tsv,cufft_gpu,throughput,n65536_b8,65536,8,1,compute,1,0.024064,0.0,0.02391,0.0,0.0,0.0,8.0,1742.978727,1754.175569
20260225_144327,/home/nikhil/workspace/xeon-fft-bench/src/gpu/latest_run/64k_batch/20260225_144327/manifest.tsv,cufft_gpu,throughput,n8192_b1,8192,1,1,compute,1,0.008304,0.0,0.008346,0.0,0.0,0.0,0.12,64.123315,63.803678999999995
20260225_144327,/home/nikhil/workspace/xeon-fft-bench/src/gpu/latest_run/64k_batch/20260225_144327/manifest.tsv,cufft_gpu,throughput,n8192_b1024,8192,1024,1,compute,1,0.200346,0.0,0.200448,0.0,0.0,0.0,128.0,2721.5945269999997,2720.204498
20260225_144327,/home/nikhil/workspace/xeon-fft-bench/src/gpu/latest_run/64k_batch/20260225_144327/manifest.tsv,cufft_gpu,throughput,n8192_b128,8192,128,1,compute,1,0.029894,0.0,0.029696,0.0,0.0,0.0,16.0,2279.9400830000004,2295.1724429999995
20260225_144327,/home/nikhil/workspace/xeon-fft-bench/src/gpu/latest_run/64k_batch/20260225_144327/manifest.tsv,cufft_gpu,throughput,n8192_b16,8192,16,1,compute,1,0.007936,0.0,0.007936,0.0,0.0,0.0,2.0,1073.548376,1073.548376
20260225_144327,/home/nikhil/workspace/xeon-fft-bench/src/gpu/latest_run/64k_batch/20260225_144327/manifest.tsv,cufft_gpu,throughput,n8192_b16384,8192,16384,1,compute,1,3.137741,0.0,3.137485,0.0,0.0,0.0,2048.0,2780.393007,2780.61984
20260225_144327,/home/nikhil/workspace/xeon-fft-bench/src/gpu/latest_run/64k_batch/20260225_144327/manifest.tsv,cufft_gpu,throughput,n8192_b2,8192,2,1,compute,1,0.008038,0.0,0.007834,0.0,0.0,0.0,0.25,132.484075,135.94771199999997
20260225_144327,/home/nikhil/workspace/xeon-fft-bench/src/gpu/latest_run/64k_batch/20260225_144327/manifest.tsv,cufft_gpu,throughput,n8192_b2048,8192,2048,1,compute,1,0.395878,0.0,0.396426,0.0,0.0,0.0,256.0,2754.68177,2750.879425
20260225_144327,/home/nikhil/workspace/xeon-fft-bench/src/gpu/latest_run/64k_batch/20260225_144327/manifest.tsv,cufft_gpu,throughput,n8192_b256,8192,256,1,compute,1,0.05564,0.0,0.055965,0.0,0.0,0.0,32.0,2449.943921,2435.7254119999993
20260225_144327,/home/nikhil/workspace/xeon-fft-bench/src/gpu/latest_run/64k_batch/20260225_144327/manifest.tsv,cufft_gpu,throughput,n8192_b32,8192,32,1,compute,1,0.007974,0.0,0.007893,0.0,0.0,0.0,4.0,2136.7575250000004,2158.848537
20260225_144327,/home/nikhil/workspace/xeon-fft-bench/src/gpu/latest_run/64k_batch/20260225_144327/manifest.tsv,cufft_gpu,throughput,n8192_b32768,8192,32768,1,compute,1,6.270218,0.0,6.269184,0.0,0.0,0.0,4096.0,2782.72717,2783.1858699999993
20260225_144327,/home/nikhil/workspace/xeon-fft-bench/src/gpu/latest_run/64k_batch/20260225_144327/manifest.tsv,cufft_gpu,throughput,n8192_b4,8192,4,1,compute,1,0.007987,0.0,0.007936,0.0,0.0,0.0,0.5,266.666676,268.387094
20260225_144327,/home/nikhil/workspace/xeon-fft-bench/src/gpu/latest_run/64k_batch/20260225_144327/manifest.tsv,cufft_gpu,throughput,n8192_b4096,8192,4096,1,compute,1,0.789141,0.0,0.787605,0.0,0.0,0.0,512.0,2763.8136179999997,2769.2036100000005
20260225_144327,/home/nikhil/workspace/xeon-fft-bench/src/gpu/latest_run/64k_batch/20260225_144327/manifest.tsv,cufft_gpu,throughput,n8192_b512,8192,512,1,compute,1,0.108099,0.0,0.108339,0.0,0.0,0.0,64.0,2522.033134,2516.4460690000005
20260225_144327,/home/nikhil/workspace/xeon-fft-bench/src/gpu/latest_run/64k_batch/20260225_144327/manifest.tsv,cufft_gpu,throughput,n8192_b64,8192,64,1,compute,1,0.017562,0.0,0.01751,0.0,0.0,0.0,8.0,1940.5248240000003,1946.1987510000001
20260225_144327,/home/nikhil/workspace/xeon-fft-bench/src/gpu/latest_run/64k_batch/20260225_144327/manifest.tsv,cufft_gpu,throughput,n8192_b8,8192,8,1,compute,1,0.007987,0.0,0.007936,0.0,0.0,0.0,1.0,533.333352,536.774188
20260225_144327,/home/nikhil/workspace/xeon-fft-bench/src/gpu/latest_run/64k_batch/20260225_144327/manifest.tsv,cufft_gpu,throughput,n8192_b8192,8192,8192,1,compute,1,1.571277,0.0,1.571618,0.0,0.0,0.0,1024.0,2776.134842,2775.53277
