set_id,manifest,profile_id,workload,case_id,n,batch,threads_field,timing_mode,run_count,fwd_ms_mean,fwd_ms_std,bwd_ms_mean,bwd_ms_std,fwd_gflops_std,bwd_gflops_std,mem_mb_mean,fwd_gflops_mean,bwd_gflops_mean,mkl_fwd_profile,mkl_fwd_ms,mkl_fwd_gflops,mkl_bwd_profile,mkl_bwd_ms,mkl_bwd_gflops,fwd_gflops_speedup_vs_mkl,bwd_gflops_speedup_vs_mkl,fwd_latency_speedup_vs_mkl,bwd_latency_speedup_vs_mkl,gpu_beats_mkl_fwd,gpu_beats_mkl_bwd
20260225_144327,/home/nikhil/workspace/xeon-fft-bench/src/gpu/latest_run/64k_batch/20260225_144327/manifest.tsv,cufft_gpu,throughput,n32_b1,32,1,1,compute,1,0.002606,0.0,0.002509,0.0,0.0,0.0,0.0,0.306937,0.318878,baseline_sse42_1t,4.5e-05,17.78,avx512_logical,4.1e-05,19.51,0.01726304836895388,0.016344336237826752,0.017267843438219497,0.01634117178158629,False,False
20260225_144327,/home/nikhil/workspace/xeon-fft-bench/src/gpu/latest_run/64k_batch/20260225_144327/manifest.tsv,cufft_gpu,throughput,n32_b2,32,2,1,compute,1,0.002597,0.0,0.002816,0.0,0.0,0.0,0.0,0.616143,0.568182,avx512_logical,5e-05,32.0,avx512_phys,5.1e-05,31.37,0.01925446875,0.018112272872170862,0.019252984212552948,0.018110795454545456,False,False
20260225_144327,/home/nikhil/workspace/xeon-fft-bench/src/gpu/latest_run/64k_batch/20260225_144327/manifest.tsv,cufft_gpu,throughput,n32_b4,32,4,1,compute,1,0.00256,0.0,0.002658,0.0,0.0,0.0,0.0,1.25,1.2040940000000002,baseline_sse42_1t,0.000115,27.83,avx512_phys,6.9e-05,46.38,0.044915558749550846,0.02596149202242346,0.044921875,0.025959367945823923,False,False
20260225_144327,/home/nikhil/workspace/xeon-fft-bench/src/gpu/latest_run/64k_batch/20260225_144327/manifest.tsv,cufft_gpu,throughput,n32_b8,32,8,1,compute,1,0.002662,0.0,0.00256,0.0,0.0,0.0,0.0,2.403846,2.5,avx512_logical,0.000117,54.7,avx512_phys,0.000122,52.46,0.043945996343692874,0.04765535646206633,0.0439519158527423,0.04765625,False,False
20260225_144327,/home/nikhil/workspace/xeon-fft-bench/src/gpu/latest_run/64k_batch/20260225_144327/manifest.tsv,cufft_gpu,throughput,n32_b16,32,16,1,compute,1,0.002662,0.0,0.002677,0.0,0.0,0.0,0.01,4.807692,4.781829000000001,baseline_sse42_1t,0.00041,31.22,baseline_sse42_1t,0.000419,30.55,0.15399397821909033,0.15652468085106386,0.15401953418482345,0.15651849084796413,False,False
20260225_144327,/home/nikhil/workspace/xeon-fft-bench/src/gpu/latest_run/64k_batch/20260225_144327/manifest.tsv,cufft_gpu,throughput,n32_b32,32,32,1,compute,1,0.002867,0.0,0.002963,0.0,0.0,0.0,0.02,8.928571,8.639309,baseline_sse42_1t,0.000795,32.2,baseline_sse42_1t,0.000809,31.64,0.27728481366459623,0.2730502212389381,0.27729333798395533,0.2730340870739116,False,False
20260225_144327,/home/nikhil/workspace/xeon-fft-bench/src/gpu/latest_run/64k_batch/20260225_144327/manifest.tsv,cufft_gpu,throughput,n32_b64,32,64,1,compute,1,0.002907,0.0,0.002856,0.0,0.0,0.0,0.03,17.611448,17.927171,baseline_sse42_1t,0.001561,32.8,avx512_phys,0.001251,40.93,0.5369343902439024,0.43799587099926707,0.5369797041623667,0.4380252100840336,False,False
20260225_144327,/home/nikhil/workspace/xeon-fft-bench/src/gpu/latest_run/64k_batch/20260225_144327/manifest.tsv,cufft_gpu,throughput,n32_b128,32,128,1,compute,1,0.002931,0.0,0.002918,0.0,0.0,0.0,0.06,34.934498,35.087719,avx512_logical,0.002777,36.87,avx512_phys,0.001383,74.04,0.947504692161649,0.4739022015126958,0.9474582053906516,0.47395476353666893,False,False
20260225_144327,/home/nikhil/workspace/xeon-fft-bench/src/gpu/latest_run/64k_batch/20260225_144327/manifest.tsv,cufft_gpu,throughput,n32_b256,32,256,1,compute,1,0.00297,0.0,0.002918,0.0,0.0,0.0,0.12,68.965516,70.175437,avx512_phys,0.001548,132.3,avx512_phys,0.001526,134.21,0.5212813000755857,0.5228778555994337,0.5212121212121211,0.522960932145305,False,False
20260225_144327,/home/nikhil/workspace/xeon-fft-bench/src/gpu/latest_run/64k_batch/20260225_144327/manifest.tsv,cufft_gpu,throughput,n32_b512,32,512,1,compute,1,0.002918,0.0,0.00297,0.0,0.0,0.0,0.25,140.350874,137.931031,avx512_logical,0.003264,125.49,avx512_phys,0.002011,203.68,1.1184227747230855,0.6771947712097407,1.1185743660041123,0.6771043771043772,True,False
20260225_144327,/home/nikhil/workspace/xeon-fft-bench/src/gpu/latest_run/64k_batch/20260225_144327/manifest.tsv,cufft_gpu,throughput,n32_b1024,32,1024,1,compute,1,0.003027,0.0,0.003029,0.0,0.0,0.0,0.5,270.613112,270.470156,avx512_logical,0.003503,233.86,avx512_phys,0.00276,296.81,1.1571586077140168,0.9112568848758464,1.1572514040303932,0.9111918124793661,True,False
20260225_144327,/home/nikhil/workspace/xeon-fft-bench/src/gpu/latest_run/64k_batch/20260225_144327/manifest.tsv,cufft_gpu,throughput,n32_b2048,32,2048,1,compute,1,0.003226,0.0,0.003226,0.0,0.0,0.0,1.0,507.936512,507.936512,avx512_phys,0.004562,359.14,avx512_phys,0.004138,395.94,1.4143133931057528,1.2828623326766682,1.4141351518908865,1.2827030378177309,True,True
20260225_144327,/home/nikhil/workspace/xeon-fft-bench/src/gpu/latest_run/64k_batch/20260225_144327/manifest.tsv,cufft_gpu,throughput,n32_b4096,32,4096,1,compute,1,0.004184,0.0,0.004045,0.0,0.0,0.0,2.0,783.1740300000001,810.126606,avx512_logical,0.006264,523.12,avx512_logical,0.00641,511.2,1.4971211767854415,1.58475470657277,1.4971319311663478,1.584672435105068,True,True
20260225_144327,/home/nikhil/workspace/xeon-fft-bench/src/gpu/latest_run/64k_batch/20260225_144327/manifest.tsv,cufft_gpu,throughput,n32_b8192,32,8192,1,compute,1,0.005478,0.0,0.005478,0.0,0.0,0.0,4.0,1196.261684,1196.261684,avx512_logical,0.010855,603.74,avx512_logical,0.011005,595.51,1.9814186305363237,2.00880200836258,1.9815626140927345,2.0089448703906534,True,True
20260225_144327,/home/nikhil/workspace/xeon-fft-bench/src/gpu/latest_run/64k_batch/20260225_144327/manifest.tsv,cufft_gpu,throughput,n32_b16384,32,16384,1,compute,1,0.012643,0.0,0.01253,0.0,0.0,0.0,8.0,1036.6995569999997,1046.098866,avx512_logical,0.020514,638.94,avx512_logical,0.020351,644.06,1.6225303737440129,1.624225795733317,1.6225579371984498,1.6241819632881087,True,True
20260225_144327,/home/nikhil/workspace/xeon-fft-bench/src/gpu/latest_run/64k_batch/20260225_144327/manifest.tsv,cufft_gpu,throughput,n32_b32768,32,32768,1,compute,1,0.026214,0.0,0.026317,0.0,0.0,0.0,16.0,1000.0000030000001,996.108922,avx512_phys,0.115001,227.95,avx512_phys,0.115188,227.58,4.386926970826936,4.376961604710432,4.387006942854963,4.376942660637611,True,True
20260225_144327,/home/nikhil/workspace/xeon-fft-bench/src/gpu/latest_run/64k_batch/20260225_144327/manifest.tsv,cufft_gpu,throughput,n32_b65536,32,65536,1,compute,1,0.050586,0.0,0.050598,0.0,0.0,0.0,32.0,1036.437293,1036.1750399999999,avx512_phys,0.482707,108.61,avx512_logical,0.458401,114.37,9.542742776908204,9.059849960654017,9.542304194836516,9.05966638997589,True,True
20260225_144327,/home/nikhil/workspace/xeon-fft-bench/src/gpu/latest_run/64k_batch/20260225_144327/manifest.tsv,cufft_gpu,throughput,n64_b1,64,1,1,compute,1,0.002355,0.0,0.002406,0.0,0.0,0.0,0.0,0.815217,0.797872,avx512_phys,4.6e-05,41.74,avx512_phys,4.8e-05,40.0,0.019530833732630568,0.0199468,0.01953290870488323,0.0199501246882793,False,False
20260225_144327,/home/nikhil/workspace/xeon-fft-bench/src/gpu/latest_run/64k_batch/20260225_144327/manifest.tsv,cufft_gpu,throughput,n64_b2,64,2,1,compute,1,0.002406,0.0,0.002402,0.0,0.0,0.0,0.0,1.595745,1.598934,avx512_phys,7.2e-05,53.33,avx512_phys,6.8e-05,56.47,0.029922088880555035,0.028314751195324953,0.029925187032418952,0.028309741881765195,False,False
20260225_144327,/home/nikhil/workspace/xeon-fft-bench/src/gpu/latest_run/64k_batch/20260225_144327/manifest.tsv,cufft_gpu,throughput,n64_b4,64,4,1,compute,1,0.002355,0.0,0.002406,0.0,0.0,0.0,0.0,3.260869,3.1914890000000002,avx512_phys,0.000118,65.08,avx512_phys,0.000112,68.57,0.050105547019053474,0.04654351757328278,0.05010615711252654,0.04655029093931837,False,False
20260225_144327,/home/nikhil/workspace/xeon-fft-bench/src/gpu/latest_run/64k_batch/20260225_144327/manifest.tsv,cufft_gpu,throughput,n64_b8,64,8,1,compute,1,0.002406,0.0,0.002406,0.0,0.0,0.0,0.01,6.382979000000001,6.382979000000001,baseline_sse42_1t,0.000593,25.9,baseline_sse42_1t,0.000778,19.74,0.24644706563706567,0.3233525329280649,0.24646716541978386,0.3233582709891937,False,False
20260225_144327,/home/nikhil/workspace/xeon-fft-bench/src/gpu/latest_run/64k_batch/20260225_144327/manifest.tsv,cufft_gpu,throughput,n64_b16,64,16,1,compute,1,0.002458,0.0,0.002458,0.0,0.0,0.0,0.02,12.500000000000002,12.500000000000002,baseline_sse42_1t,0.001152,26.67,baseline_sse42_1t,0.001176,26.12,0.46869141357330335,0.47856049004594187,0.46867371847030104,0.4784377542717656,False,False
20260225_144327,/home/nikhil/workspace/xeon-fft-bench/src/gpu/latest_run/64k_batch/20260225_144327/manifest.tsv,cufft_gpu,throughput,n64_b32,64,32,1,compute,1,0.00256,0.0,0.002509,0.0,0.0,0.0,0.03,24.000001000000005,24.489797,baseline_sse42_1t,0.002305,26.66,avx512_phys,0.00123,49.95,0.9002250937734435,0.4902862262262262,0.900390625,0.49023515344758867,False,False
20260225_144327,/home/nikhil/workspace/xeon-fft-bench/src/gpu/latest_run/64k_batch/20260225_144327/manifest.tsv,cufft_gpu,throughput,n64_b64,64,64,1,compute,1,0.002549,0.0,0.002803,0.0,0.0,0.0,0.06,48.210922000000004,43.83561799999999,avx512_phys,0.002291,53.64,avx512_phys,0.001338,91.84,0.8987867636092469,0.47730420296167236,0.8987838367987446,0.4773457010346058,False,False
20260225_144327,/home/nikhil/workspace/xeon-fft-bench/src/gpu/latest_run/64k_batch/20260225_144327/manifest.tsv,cufft_gpu,throughput,n64_b128,64,128,1,compute,1,0.002502,0.0,0.002509,0.0,0.0,0.0,0.12,98.209716,97.959187,avx512_phys,0.001522,161.47,avx512_phys,0.001488,165.16,0.6082226791354431,0.5931168987648341,0.6083133493205436,0.5930649661219609,False,False
20260225_144327,/home/nikhil/workspace/xeon-fft-bench/src/gpu/latest_run/64k_batch/20260225_144327/manifest.tsv,cufft_gpu,throughput,n64_b256,64,256,1,compute,1,0.00256,0.0,0.002509,0.0,0.0,0.0,0.25,192.00000500000002,195.918374,avx512_phys,0.003729,131.81,avx512_phys,0.001959,250.9,1.4566421743418558,0.7808623913909924,1.456640625,0.7807891590275009,True,False
20260225_144327,/home/nikhil/workspace/xeon-fft-bench/src/gpu/latest_run/64k_batch/20260225_144327/manifest.tsv,cufft_gpu,throughput,n64_b512,64,512,1,compute,1,0.002714,0.0,0.002699,0.0,0.0,0.0,0.5,362.264153,364.1967900000001,avx512_logical,0.003609,272.39,avx512_phys,0.002852,344.68,1.329946594955762,1.0566229256121622,1.3297715549005158,1.0566876620970729,True,True
20260225_144327,/home/nikhil/workspace/xeon-fft-bench/src/gpu/latest_run/64k_batch/20260225_144327/manifest.tsv,cufft_gpu,throughput,n64_b1024,64,1024,1,compute,1,0.003072,0.0,0.003061,0.0,0.0,0.0,1.0,640.000016,642.341867,avx512_phys,0.003942,498.75,avx512_phys,0.003969,495.36,1.2832080521303257,1.2967172702680878,1.283203125,1.2966350865730154,True,True
20260225_144327,/home/nikhil/workspace/xeon-fft-bench/src/gpu/latest_run/64k_batch/20260225_144327/manifest.tsv,cufft_gpu,throughput,n64_b2048,64,2048,1,compute,1,0.003738,0.0,0.003738,0.0,0.0,0.0,2.0,1052.054753,1052.054753,avx512_logical,0.006223,631.88,avx512_logical,0.005958,659.98,1.6649597281129327,1.5940706582017634,1.6647940074906367,1.593900481540931,True,True
20260225_144327,/home/nikhil/workspace/xeon-fft-bench/src/gpu/latest_run/64k_batch/20260225_144327/manifest.tsv,cufft_gpu,throughput,n64_b4096,64,4096,1,compute,1,0.004557,0.0,0.004506,0.0,0.0,0.0,4.0,1725.842677,1745.4545319999997,avx512_logical,0.009908,793.73,avx512_logical,0.009849,798.49,2.1743447734116135,2.1859441345539703,2.1742374369102477,2.1857523302263653,True,True
20260225_144327,/home/nikhil/workspace/xeon-fft-bench/src/gpu/latest_run/64k_batch/20260225_144327/manifest.tsv,cufft_gpu,throughput,n64_b8192,64,8192,1,compute,1,0.012792,0.0,0.012032,0.0,0.0,0.0,8.0,1229.5684639999997,1307.2340449999997,avx512_logical,0.019161,820.87,avx512_logical,0.018977,828.83,1.497884517645912,1.577204064765995,1.497889305816135,1.577210771276596,True,True
20260225_144327,/home/nikhil/workspace/xeon-fft-bench/src/gpu/latest_run/64k_batch/20260225_144327/manifest.tsv,cufft_gpu,throughput,n64_b16384,64,16384,1,compute,1,0.026419,0.0,0.026414,0.0,0.0,0.0,16.0,1190.697741,1190.914032,avx512_logical,0.114806,274.0,avx512_phys,0.115642,272.02,4.345612193430656,4.378038497169325,4.3455846171316095,4.3780570909366245,True,True
20260225_144327,/home/nikhil/workspace/xeon-fft-bench/src/gpu/latest_run/64k_batch/20260225_144327/manifest.tsv,cufft_gpu,throughput,n64_b32768,64,32768,1,compute,1,0.05139,0.0,0.051339,0.0,0.0,0.0,32.0,1224.247389,1225.468326,avx512_phys,0.458241,137.3,avx512_phys,0.465009,135.3,8.916586955571741,9.057415565410198,8.916929363689434,9.057617016303395,True,True
20260225_144327,/home/nikhil/workspace/xeon-fft-bench/src/gpu/latest_run/64k_batch/20260225_144327/manifest.tsv,cufft_gpu,throughput,n64_b65536,64,65536,1,compute,1,0.100184,0.0,0.100146,0.0,0.0,0.0,64.0,1255.980202,1256.461764,avx512_logical,1.273227,98.83,avx512_phys,1.283563,98.03,12.708491369017505,12.817114801591348,12.70888565040326,12.816917300740919,True,True
20260225_144327,/home/nikhil/workspace/xeon-fft-bench/src/gpu/latest_run/64k_batch/20260225_144327/manifest.tsv,cufft_gpu,throughput,n128_b1,128,1,1,compute,1,0.002621,0.0,0.00261,0.0,0.0,0.0,0.0,1.7094019999999999,1.7167380000000003,avx512_phys,7.5e-05,59.73,avx512_phys,6.9e-05,64.93,0.028618818014398126,0.026439827506545513,0.028615032430370085,0.026436781609195402,False,False
20260225_144327,/home/nikhil/workspace/xeon-fft-bench/src/gpu/latest_run/64k_batch/20260225_144327/manifest.tsv,cufft_gpu,throughput,n128_b2,128,2,1,compute,1,0.002654,0.0,0.002608,0.0,0.0,0.0,0.0,3.375528,3.4355829999999994,avx512_phys,0.000113,79.29,avx512_phys,0.000109,82.2,0.04257192584184639,0.041795413625304124,0.042577241899020346,0.041794478527607364,False,False
20260225_144327,/home/nikhil/workspace/xeon-fft-bench/src/gpu/latest_run/64k_batch/20260225_144327/manifest.tsv,cufft_gpu,throughput,n128_b4,128,4,1,compute,1,0.002714,0.0,0.002613,0.0,0.0,0.0,0.01,6.603773999999999,6.858543000000001,baseline_sse42_1t,0.000585,30.63,avx512_phys,0.00078,22.97,0.2155982370225269,0.29858698302133224,0.21554900515843775,0.2985074626865672,False,False
20260225_144327,/home/nikhil/workspace/xeon-fft-bench/src/gpu/latest_run/64k_batch/20260225_144327/manifest.tsv,cufft_gpu,throughput,n128_b8,128,8,1,compute,1,0.002765,0.0,0.002714,0.0,0.0,0.0,0.02,12.962963,13.207547,avx512_phys,0.000897,39.96,avx512_phys,0.000919,39.0,0.32439847347347345,0.33865505128205126,0.3244122965641953,0.33861459100957997,False,False
20260225_144327,/home/nikhil/workspace/xeon-fft-bench/src/gpu/latest_run/64k_batch/20260225_144327/manifest.tsv,cufft_gpu,throughput,n128_b16,128,16,1,compute,1,0.002714,0.0,0.002714,0.0,0.0,0.0,0.03,26.415094,26.415094,avx512_phys,0.001787,40.11,avx512_phys,0.001244,57.62,0.6585662926950885,0.45843620270739327,0.6584377302873987,0.4583640383198232,False,False
20260225_144327,/home/nikhil/workspace/xeon-fft-bench/src/gpu/latest_run/64k_batch/20260225_144327/manifest.tsv,cufft_gpu,throughput,n128_b32,128,32,1,compute,1,0.002714,0.0,0.002749,0.0,0.0,0.0,0.06,52.830189,52.153666,avx512_logical,0.002763,51.89,avx512_phys,0.001317,108.85,1.0181188861052226,0.47913335783187877,1.018054532056006,0.4790833030192797,True,False
20260225_144327,/home/nikhil/workspace/xeon-fft-bench/src/gpu/latest_run/64k_batch/20260225_144327/manifest.tsv,cufft_gpu,throughput,n128_b64,128,64,1,compute,1,0.002699,0.0,0.002704,0.0,0.0,0.0,0.12,106.224064,106.03550599999997,avx512_phys,0.001456,196.92,avx512_phys,0.001517,189.0,0.5394275035547431,0.5610344232804231,0.5394590589107077,0.5610207100591716,False,False
20260225_144327,/home/nikhil/workspace/xeon-fft-bench/src/gpu/latest_run/64k_batch/20260225_144327/manifest.tsv,cufft_gpu,throughput,n128_b128,128,128,1,compute,1,0.002757,0.0,0.002714,0.0,0.0,0.0,0.25,208.00928999999996,211.320756,avx512_logical,0.002984,192.17,avx512_phys,0.001993,287.73,1.082423323099339,0.7344411635908663,1.082335872324991,0.734340456890199,True,False
20260225_144327,/home/nikhil/workspace/xeon-fft-bench/src/gpu/latest_run/64k_batch/20260225_144327/manifest.tsv,cufft_gpu,throughput,n128_b256,128,256,1,compute,1,0.002918,0.0,0.002909,0.0,0.0,0.0,0.5,392.98244900000003,394.27943,avx512_logical,0.003652,314.04,avx512_phys,0.002845,403.12,1.251377050694179,0.9780696318714031,1.2515421521590129,0.9779993124785149,True,False
20260225_144327,/home/nikhil/workspace/xeon-fft-bench/src/gpu/latest_run/64k_batch/20260225_144327/manifest.tsv,cufft_gpu,throughput,n128_b512,128,512,1,compute,1,0.003226,0.0,0.003226,0.0,0.0,0.0,1.0,711.111117,711.111117,avx512_logical,0.004334,529.25,avx512_phys,0.004138,554.32,1.3436204383561645,1.2828530758406695,1.3434593924364537,1.2827030378177309,True,True
20260225_144327,/home/nikhil/workspace/xeon-fft-bench/src/gpu/latest_run/64k_batch/20260225_144327/manifest.tsv,cufft_gpu,throughput,n128_b1024,128,1024,1,compute,1,0.003936,0.0,0.003888,0.0,0.0,0.0,2.0,1165.5284049999998,1179.9176420000001,avx512_logical,0.006597,695.39,avx512_logical,0.006619,693.08,1.6760787543680522,1.7024263317365962,1.6760670731707317,1.702417695473251,True,True
20260225_144327,/home/nikhil/workspace/xeon-fft-bench/src/gpu/latest_run/64k_batch/20260225_144327/manifest.tsv,cufft_gpu,throughput,n128_b2048,128,2048,1,compute,1,0.005016,0.0,0.004899,0.0,0.0,0.0,4.0,1829.1547689999998,1872.76288,avx512_logical,0.011213,818.25,avx512_logical,0.011044,830.77,2.235447319278949,2.2542495275467336,2.2354465709728872,2.2543376199224334,True,True
20260225_144327,/home/nikhil/workspace/xeon-fft-bench/src/gpu/latest_run/64k_batch/20260225_144327/manifest.tsv,cufft_gpu,throughput,n128_b4096,128,4096,1,compute,1,0.013526,0.0,0.01321,0.0,0.0,0.0,8.0,1356.612311,1389.147365,avx512_logical,0.02176,843.29,avx512_logical,0.021407,857.2,1.6087138600007116,1.620563888240784,1.6087535117551384,1.6205147615442845,True,True
20260225_144327,/home/nikhil/workspace/xeon-fft-bench/src/gpu/latest_run/64k_batch/20260225_144327/manifest.tsv,cufft_gpu,throughput,n128_b8192,128,8192,1,compute,1,0.027098,0.0,0.027085,0.0,0.0,0.0,16.0,1354.3693560000002,1355.009422,avx512_logical,0.114705,319.95,avx512_logical,0.114706,319.95,4.233065654008439,4.235066172839507,4.232969222820873,4.235037843824995,True,True
20260225_144327,/home/nikhil/workspace/xeon-fft-bench/src/gpu/latest_run/64k_batch/20260225_144327/manifest.tsv,cufft_gpu,throughput,n128_b16384,128,16384,1,compute,1,0.051405,0.0,0.051448,0.0,0.0,0.0,32.0,1427.8885009999997,1426.689487,avx512_phys,0.466363,157.39,avx512_phys,0.471262,155.75,9.072294942499521,9.16012511717496,9.072327594591966,9.159967345669413,True,True
20260225_144327,/home/nikhil/workspace/xeon-fft-bench/src/gpu/latest_run/64k_batch/20260225_144327/manifest.tsv,cufft_gpu,throughput,n128_b32768,128,32768,1,compute,1,0.100557,0.0,0.100557,0.0,0.0,0.0,64.0,1459.8777599999999,1459.8777599999999,avx512_phys,1.267297,115.84,avx512_phys,1.233255,119.04,12.602535911602208,12.263758064516127,12.6027725568583,12.264238193263523,True,True
20260225_144327,/home/nikhil/workspace/xeon-fft-bench/src/gpu/latest_run/64k_batch/20260225_144327/manifest.tsv,cufft_gpu,throughput,n128_b65536,128,65536,1,compute,1,0.198192,0.0,0.198038,0.0,0.0,0.0,128.0,1481.3982369999999,1482.547229,avx512_logical,2.920273,100.54,avx512_logical,2.898782,101.28,14.734416520787745,14.638104551737756,14.734565471865665,14.637503913390361,True,True
20260225_144327,/home/nikhil/workspace/xeon-fft-bench/src/gpu/latest_run/64k_batch/20260225_144327/manifest.tsv,cufft_gpu,throughput,n256_b1,256,1,1,compute,1,0.002762,0.0,0.002714,0.0,0.0,0.0,0.0,3.7079950000000004,3.7735849999999997,avx512_phys,0.000169,60.59,avx512_phys,0.000163,62.82,0.06119813500577653,0.06006980261063355,0.06118754525706009,0.06005895357406043,False,False
20260225_144327,/home/nikhil/workspace/xeon-fft-bench/src/gpu/latest_run/64k_batch/20260225_144327/manifest.tsv,cufft_gpu,throughput,n256_b2,256,2,1,compute,1,0.002714,0.0,0.002714,0.0,0.0,0.0,0.01,7.5471699999999995,7.5471699999999995,baseline_sse42_1t,0.00063,32.51,baseline_sse42_1t,0.000628,32.61,0.232149184866195,0.23143728917509965,0.23212969786293297,0.2313927781871776,False,False
20260225_144327,/home/nikhil/workspace/xeon-fft-bench/src/gpu/latest_run/64k_batch/20260225_144327/manifest.tsv,cufft_gpu,throughput,n256_b4,256,4,1,compute,1,0.002765,0.0,0.002765,0.0,0.0,0.0,0.02,14.814815000000001,14.814815000000001,baseline_sse42_1t,0.001238,33.09,baseline_sse42_1t,0.001244,32.93,0.44771275309761255,0.4498880959611297,0.4477396021699819,0.4499095840867993,False,False
20260225_144327,/home/nikhil/workspace/xeon-fft-bench/src/gpu/latest_run/64k_batch/20260225_144327/manifest.tsv,cufft_gpu,throughput,n256_b8,256,8,1,compute,1,0.002816,0.0,0.002765,0.0,0.0,0.0,0.03,29.090909,29.629630000000002,baseline_sse42_1t,0.002472,33.14,avx512_phys,0.001467,55.84,0.8778186179843089,0.5306165830945558,0.8778409090909091,0.5305605786618445,False,False
20260225_144327,/home/nikhil/workspace/xeon-fft-bench/src/gpu/latest_run/64k_batch/20260225_144327/manifest.tsv,cufft_gpu,throughput,n256_b16,256,16,1,compute,1,0.002765,0.0,0.002714,0.0,0.0,0.0,0.06,59.259259,60.37735899999999,avx512_logical,0.002427,67.51,avx512_phys,0.001774,92.36,0.8777849059398607,0.6537176158510176,0.877757685352622,0.653647752394989,False,False
20260225_144327,/home/nikhil/workspace/xeon-fft-bench/src/gpu/latest_run/64k_batch/20260225_144327/manifest.tsv,cufft_gpu,throughput,n256_b32,256,32,1,compute,1,0.002765,0.0,0.002765,0.0,0.0,0.0,0.12,118.518518,118.518518,avx512_phys,0.001635,200.42,avx512_phys,0.001782,183.88,0.5913507534178226,0.6445427343919948,0.5913200723327305,0.6444846292947558,False,False
20260225_144327,/home/nikhil/workspace/xeon-fft-bench/src/gpu/latest_run/64k_batch/20260225_144327/manifest.tsv,cufft_gpu,throughput,n256_b64,256,64,1,compute,1,0.002918,0.0,0.002867,0.0,0.0,0.0,0.25,224.561399,228.57142500000006,avx512_phys,0.003601,181.99,avx512_phys,0.002418,271.03,1.2339216385515688,0.8433436335461022,1.2340644276901989,0.8433903034530867,True,False
20260225_144327,/home/nikhil/workspace/xeon-fft-bench/src/gpu/latest_run/64k_batch/20260225_144327/manifest.tsv,cufft_gpu,throughput,n256_b128,256,128,1,compute,1,0.003072,0.0,0.003021,0.0,0.0,0.0,0.5,426.666677,433.898292,avx512_logical,0.004166,314.62,avx512_logical,0.003958,331.16,1.356133357701354,1.3102376253170673,1.3561197916666667,1.3101621979476994,True,True
20260225_144327,/home/nikhil/workspace/xeon-fft-bench/src/gpu/latest_run/64k_batch/20260225_144327/manifest.tsv,cufft_gpu,throughput,n256_b256,256,256,1,compute,1,0.003277,0.0,0.003226,0.0,0.0,0.0,1.0,800.000002,812.6984190000001,avx512_logical,0.005256,498.75,avx512_logical,0.005345,490.45,1.6040100290726818,1.6570464247119994,1.603906011595972,1.656850588964662,True,True
20260225_144327,/home/nikhil/workspace/xeon-fft-bench/src/gpu/latest_run/64k_batch/20260225_144327/manifest.tsv,cufft_gpu,throughput,n256_b512,256,512,1,compute,1,0.003939,0.0,0.003883,0.0,0.0,0.0,2.0,1330.9505080000001,1350.144163,avx512_logical,0.008454,620.17,avx512_logical,0.008382,625.49,2.1461059193446963,2.158538366720491,2.1462300076161465,2.1586402266288953,True,True
20260225_144327,/home/nikhil/workspace/xeon-fft-bench/src/gpu/latest_run/64k_batch/20260225_144327/manifest.tsv,cufft_gpu,throughput,n256_b1024,256,1024,1,compute,1,0.00512,0.0,0.005184,0.0,0.0,0.0,4.0,2048.0000520000003,2022.7160550000003,avx512_logical,0.014687,713.95,avx512_logical,0.014716,712.54,2.8685482904965336,2.8387403584360182,2.8685546874999996,2.8387345679012346,True,True
20260225_144327,/home/nikhil/workspace/xeon-fft-bench/src/gpu/latest_run/64k_batch/20260225_144327/manifest.tsv,cufft_gpu,throughput,n256_b2048,256,2048,1,compute,1,0.013568,0.0,0.013208,0.0,0.0,0.0,8.0,1545.660321,1587.7891749999997,avx512_logical,0.029379,713.83,avx512_logical,0.028863,726.59,2.165305914573498,2.18526152988618,2.1653154481132075,2.185266505148395,True,True
20260225_144327,/home/nikhil/workspace/xeon-fft-bench/src/gpu/latest_run/64k_batch/20260225_144327/manifest.tsv,cufft_gpu,throughput,n256_b4096,256,4096,1,compute,1,0.026989,0.0,0.026555,0.0,0.0,0.0,16.0,1554.090507,1579.4660849999998,avx512_logical,0.11805,355.3,avx512_logical,0.119617,350.64,4.374023380242049,4.504523400068446,4.374004223943088,4.5045000941442295,True,True
20260225_144327,/home/nikhil/workspace/xeon-fft-bench/src/gpu/latest_run/64k_batch/20260225_144327/manifest.tsv,cufft_gpu,throughput,n256_b8192,256,8192,1,compute,1,0.051354,0.0,0.051464,0.0,0.0,0.0,32.0,1633.4995769999998,1629.99542,avx512_phys,0.492055,170.48,avx512_phys,0.495748,169.21,9.58176664124824,9.632973346728916,9.581629473848192,9.632908440851857,True,True
20260225_144327,/home/nikhil/workspace/xeon-fft-bench/src/gpu/latest_run/64k_batch/20260225_144327/manifest.tsv,cufft_gpu,throughput,n256_b16384,256,16384,1,compute,1,0.100344,0.0,0.099994,0.0,0.0,0.0,64.0,1671.969986,1677.8290070000003,avx512_phys,1.319483,127.15,avx512_phys,1.337387,125.45,13.149586991742037,13.374483913909927,13.149595391852028,13.374672480348822,True,True
20260225_144327,/home/nikhil/workspace/xeon-fft-bench/src/gpu/latest_run/64k_batch/20260225_144327/manifest.tsv,cufft_gpu,throughput,n256_b32768,256,32768,1,compute,1,0.197478,0.0,0.197939,0.0,0.0,0.0,128.0,1699.144398,1695.1887810000003,avx512_logical,2.893124,115.98,avx512_phys,2.898137,115.78,14.65032245214692,14.641464683019523,14.650361052876777,14.641566341145506,True,True
20260225_144327,/home/nikhil/workspace/xeon-fft-bench/src/gpu/latest_run/64k_batch/20260225_144327/manifest.tsv,cufft_gpu,throughput,n256_b65536,256,65536,1,compute,1,0.392504,0.0,0.392141,0.0,0.0,0.0,256.0,1709.762547,1711.3461560000003,avx512_logical,5.900861,113.73,avx512_logical,5.951418,112.76,15.033522790820363,15.176890351188366,15.033887552738316,15.176729798720359,True,True
20260225_144327,/home/nikhil/workspace/xeon-fft-bench/src/gpu/latest_run/64k_batch/20260225_144327/manifest.tsv,cufft_gpu,throughput,n512_b1,512,1,1,compute,1,0.003123,0.0,0.003085,0.0,0.0,0.0,0.01,7.3770489999999995,7.468880000000001,avx512_phys,0.000386,59.69,avx512_logical,0.000357,64.54,0.12358936170212766,0.11572482181592812,0.12359910342619276,0.11572123176661264,False,False
20260225_144327,/home/nikhil/workspace/xeon-fft-bench/src/gpu/latest_run/64k_batch/20260225_144327/manifest.tsv,cufft_gpu,throughput,n512_b2,512,2,1,compute,1,0.003123,0.0,0.003123,0.0,0.0,0.0,0.02,14.754099,14.754099,baseline_sse42_1t,0.001362,33.83,avx512_phys,0.000949,48.56,0.4361247117942655,0.30383235172981876,0.43611911623439,0.3038744796669869,False,False
20260225_144327,/home/nikhil/workspace/xeon-fft-bench/src/gpu/latest_run/64k_batch/20260225_144327/manifest.tsv,cufft_gpu,throughput,n512_b4,512,4,1,compute,1,0.003219,0.0,0.003219,0.0,0.0,0.0,0.03,28.628231,28.628231,avx512_phys,0.002233,41.27,avx512_phys,0.00115,80.14,0.6936813908408044,0.3572277389568255,0.6936936936936937,0.35725380552966757,False,False
20260225_144327,/home/nikhil/workspace/xeon-fft-bench/src/gpu/latest_run/64k_batch/20260225_144327/manifest.tsv,cufft_gpu,throughput,n512_b8,512,8,1,compute,1,0.003226,0.0,0.003174,0.0,0.0,0.0,0.06,57.142858000000004,58.064517,avx512_phys,0.002564,71.89,avx512_phys,0.001654,111.44,0.7948651829183475,0.5210383793969849,0.7947923124612523,0.5211090107120353,False,False
20260225_144327,/home/nikhil/workspace/xeon-fft-bench/src/gpu/latest_run/64k_batch/20260225_144327/manifest.tsv,cufft_gpu,throughput,n512_b16,512,16,1,compute,1,0.003226,0.0,0.003174,0.0,0.0,0.0,0.12,114.285715,116.129034,avx512_phys,0.003758,98.09,avx512_phys,0.002135,172.67,1.165110765623407,0.6725489894017491,1.1649101053936763,0.6726528040327663,True,False
20260225_144327,/home/nikhil/workspace/xeon-fft-bench/src/gpu/latest_run/64k_batch/20260225_144327/manifest.tsv,cufft_gpu,throughput,n512_b32,512,32,1,compute,1,0.003226,0.0,0.003226,0.0,0.0,0.0,0.25,228.57143,228.57143,avx512_phys,0.003505,210.35,avx512_phys,0.002673,275.82,1.0866243403850724,0.8286978101660503,1.0864848109113452,0.828580285182889,True,False
20260225_144327,/home/nikhil/workspace/xeon-fft-bench/src/gpu/latest_run/64k_batch/20260225_144327/manifest.tsv,cufft_gpu,throughput,n512_b64,512,64,1,compute,1,0.003379,0.0,0.003363,0.0,0.0,0.0,0.5,436.363633,438.43959399999994,avx512_phys,0.003881,379.94,avx512_phys,0.00349,422.51,1.1485066931620782,1.037702288703226,1.1485646641018052,1.0377639012786202,True,True
20260225_144327,/home/nikhil/workspace/xeon-fft-bench/src/gpu/latest_run/64k_batch/20260225_144327/manifest.tsv,cufft_gpu,throughput,n512_b128,512,128,1,compute,1,0.003584,0.0,0.003533,0.0,0.0,0.0,1.0,822.857121,834.7825900000001,avx512_phys,0.005235,563.35,avx512_phys,0.005379,548.27,1.4606498997071091,1.5225757199919752,1.4606584821428572,1.5225021228417774,True,True
20260225_144327,/home/nikhil/workspace/xeon-fft-bench/src/gpu/latest_run/64k_batch/20260225_144327/manifest.tsv,cufft_gpu,throughput,n512_b256,512,256,1,compute,1,0.004355,0.0,0.004403,0.0,0.0,0.0,2.0,1354.298308,1339.534884,avx512_logical,0.008553,689.61,avx512_logical,0.008705,677.57,1.9638611795072576,1.976968998037103,1.9639494833524682,1.9770610947081535,True,True
20260225_144327,/home/nikhil/workspace/xeon-fft-bench/src/gpu/latest_run/64k_batch/20260225_144327/manifest.tsv,cufft_gpu,throughput,n512_b512,512,512,1,compute,1,0.005632,0.0,0.005632,0.0,0.0,0.0,4.0,2094.545438,2094.545438,avx512_logical,0.014965,788.27,avx512_phys,0.016321,722.78,2.657142144189174,2.8979017654057944,2.657137784090909,2.8979048295454546,True,True
20260225_144327,/home/nikhil/workspace/xeon-fft-bench/src/gpu/latest_run/64k_batch/20260225_144327/manifest.tsv,cufft_gpu,throughput,n512_b1024,512,1024,1,compute,1,0.01449,0.0,0.013875,0.0,0.0,0.0,8.0,1628.2685439999998,1700.369022,avx512_logical,0.030172,781.95,avx512_logical,0.030737,767.58,2.082317979410448,2.215233619948409,2.082263630089717,2.2152792792792795,True,True
20260225_144327,/home/nikhil/workspace/xeon-fft-bench/src/gpu/latest_run/64k_batch/20260225_144327/manifest.tsv,cufft_gpu,throughput,n512_b2048,512,2048,1,compute,1,0.027597,0.0,0.027392,0.0,0.0,0.0,16.0,1709.833115,1722.616825,avx512_logical,0.121917,387.03,avx512_logical,0.117015,403.25,4.417830956256621,4.27183341599504,4.417762800304381,4.271867698598131,True,True
20260225_144327,/home/nikhil/workspace/xeon-fft-bench/src/gpu/latest_run/64k_batch/20260225_144327/manifest.tsv,cufft_gpu,throughput,n512_b4096,512,4096,1,compute,1,0.051978,0.0,0.052019,0.0,0.0,0.0,32.0,1815.6252390000002,1814.1731340000001,avx512_logical,0.488258,193.28,avx512_logical,0.502057,187.97,9.393756410389074,9.651397212321116,9.3935511177806,9.651415828831771,True,True
20260225_144327,/home/nikhil/workspace/xeon-fft-bench/src/gpu/latest_run/64k_batch/20260225_144327/manifest.tsv,cufft_gpu,throughput,n512_b8192,512,8192,1,compute,1,0.101171,0.0,0.10112,0.0,0.0,0.0,64.0,1865.587127,1866.5317360000001,avx512_logical,1.304683,144.67,avx512_logical,1.268372,148.81,12.89546642012857,12.54305312814999,12.895819948404188,12.54323575949367,True,True
20260225_144327,/home/nikhil/workspace/xeon-fft-bench/src/gpu/latest_run/64k_batch/20260225_144327/manifest.tsv,cufft_gpu,throughput,n512_b16384,512,16384,1,compute,1,0.198622,0.0,0.198298,0.0,0.0,0.0,128.0,1900.5275809999998,1903.6406269999998,avx512_logical,2.81104,134.29,avx512_logical,2.827194,133.52,14.152413292128974,14.257344420311561,14.152712186968213,14.257299619764193,True,True
20260225_144327,/home/nikhil/workspace/xeon-fft-bench/src/gpu/latest_run/64k_batch/20260225_144327/manifest.tsv,cufft_gpu,throughput,n512_b32768,512,32768,1,compute,1,0.39383,0.0,0.394138,0.0,0.0,0.0,256.0,1917.0047060000002,1915.5105359999998,avx512_logical,5.780767,130.6,avx512_logical,5.818462,129.76,14.678443384379788,14.761949260172626,14.678330751847243,14.762499429133959,True,True
20260225_144327,/home/nikhil/workspace/xeon-fft-bench/src/gpu/latest_run/64k_batch/20260225_144327/manifest.tsv,cufft_gpu,throughput,n512_b65536,512,65536,1,compute,1,0.784538,0.0,0.783923,0.0,0.0,0.0,512.0,1924.636164,1926.14461,avx512_logical,11.646291,129.65,avx512_logical,11.762393,128.37,14.844860501349787,15.004632001246398,14.84477616125669,15.00452595471749,True,True
20260225_144327,/home/nikhil/workspace/xeon-fft-bench/src/gpu/latest_run/64k_batch/20260225_144327/manifest.tsv,cufft_gpu,throughput,n1024_b1,1024,1,1,compute,1,0.00343,0.0,0.003427,0.0,0.0,0.0,0.02,14.925372999999999,14.939309,avx512_phys,0.001216,42.11,avx512_logical,0.000761,67.28,0.35443773450486815,0.22204680439952437,0.3545189504373178,0.22206011088415523,False,False
20260225_144327,/home/nikhil/workspace/xeon-fft-bench/src/gpu/latest_run/64k_batch/20260225_144327/manifest.tsv,cufft_gpu,throughput,n1024_b2,1024,2,1,compute,1,0.00384,0.0,0.00384,0.0,0.0,0.0,0.03,26.666665000000002,26.666665000000002,avx512_logical,0.002544,40.25,avx512_phys,0.00197,51.98,0.6625258385093168,0.513017795305887,0.6625,0.5130208333333333,False,False
20260225_144327,/home/nikhil/workspace/xeon-fft-bench/src/gpu/latest_run/64k_batch/20260225_144327/manifest.tsv,cufft_gpu,throughput,n1024_b4,1024,4,1,compute,1,0.00384,0.0,0.00384,0.0,0.0,0.0,0.06,53.33333100000001,53.33333100000001,avx512_logical,0.002764,74.1,avx512_phys,0.002046,100.1,0.7197480566801621,0.5328005094905096,0.7197916666666666,0.5328125,False,False
20260225_144327,/home/nikhil/workspace/xeon-fft-bench/src/gpu/latest_run/64k_batch/20260225_144327/manifest.tsv,cufft_gpu,throughput,n1024_b8,1024,8,1,compute,1,0.003888,0.0,0.003891,0.0,0.0,0.0,0.12,105.349789,105.263163,avx512_logical,0.003887,105.38,avx512_logical,0.002778,147.44,0.9997133137217689,0.713938978567553,0.9997427983539094,0.7139552814186585,False,False
20260225_144327,/home/nikhil/workspace/xeon-fft-bench/src/gpu/latest_run/64k_batch/20260225_144327/manifest.tsv,cufft_gpu,throughput,n1024_b16,1024,16,1,compute,1,0.003886,0.0,0.003883,0.0,0.0,0.0,0.25,210.78632300000004,210.960025,avx512_phys,0.003808,215.13,avx512_phys,0.002931,279.5,0.9798090596383584,0.7547764758497316,0.979927946474524,0.7548287406644347,False,False
20260225_144327,/home/nikhil/workspace/xeon-fft-bench/src/gpu/latest_run/64k_batch/20260225_144327/manifest.tsv,cufft_gpu,throughput,n1024_b32,1024,32,1,compute,1,0.00384,0.0,0.00384,0.0,0.0,0.0,0.5,426.666646,426.666646,avx512_logical,0.004873,336.22,avx512_phys,0.004379,374.15,1.269010308726429,1.1403625444340506,1.2690104166666665,1.1403645833333333,True,True
20260225_144327,/home/nikhil/workspace/xeon-fft-bench/src/gpu/latest_run/64k_batch/20260225_144327/manifest.tsv,cufft_gpu,throughput,n1024_b64,1024,64,1,compute,1,0.003942,0.0,0.003893,0.0,0.0,0.0,1.0,831.168864,841.75918,avx512_phys,0.00558,587.24,avx512_phys,0.00577,567.9,1.4153818949662829,1.4822313435463992,1.415525114155251,1.4821474441304905,True,True
20260225_144327,/home/nikhil/workspace/xeon-fft-bench/src/gpu/latest_run/64k_batch/20260225_144327/manifest.tsv,cufft_gpu,throughput,n1024_b128,1024,128,1,compute,1,0.004451,0.0,0.004454,0.0,0.0,0.0,2.0,1472.322073,1471.264362,avx512_phys,0.00958,684.09,avx512_phys,0.009481,691.24,2.152234461839816,2.128442164805277,2.152325320152775,2.1286484059272563,True,True
20260225_144327,/home/nikhil/workspace/xeon-fft-bench/src/gpu/latest_run/64k_batch/20260225_144327/manifest.tsv,cufft_gpu,throughput,n1024_b256,1024,256,1,compute,1,0.005837,0.0,0.005786,0.0,0.0,0.0,4.0,2245.6139910000006,2265.486688,avx512_phys,0.01807,725.36,avx512_phys,0.017984,728.83,3.095861352983347,3.1083883594253803,3.0957683741648103,3.1081921880400967,True,True
20260225_144327,/home/nikhil/workspace/xeon-fft-bench/src/gpu/latest_run/64k_batch/20260225_144327/manifest.tsv,cufft_gpu,throughput,n1024_b512,1024,512,1,compute,1,0.015053,0.0,0.01495,0.0,0.0,0.0,8.0,1741.4966119999997,1753.424588,avx512_phys,0.035688,734.54,avx512_phys,0.035359,741.38,2.370866953467476,2.365082127923602,2.3708230917425097,2.365150501672241,True,True
20260225_144327,/home/nikhil/workspace/xeon-fft-bench/src/gpu/latest_run/64k_batch/20260225_144327/manifest.tsv,cufft_gpu,throughput,n1024_b1024,1024,1024,1,compute,1,0.026112,0.0,0.025907,0.0,0.0,0.0,16.0,2007.843202,2023.71537,avx512_logical,0.122308,428.66,avx512_logical,0.122692,427.32,4.683999444781412,4.735831156978377,4.683976715686274,4.735862894198479,True,True
20260225_144327,/home/nikhil/workspace/xeon-fft-bench/src/gpu/latest_run/64k_batch/20260225_144327/manifest.tsv,cufft_gpu,throughput,n1024_b2048,1024,2048,1,compute,1,0.050688,0.0,0.050739,0.0,0.0,0.0,32.0,2068.686929,2066.599438,avx512_phys,0.508481,206.22,avx512_logical,0.506317,207.1,10.031456352439143,9.978751511347177,10.03158538510101,9.978852559175388,True,True
20260225_144327,/home/nikhil/workspace/xeon-fft-bench/src/gpu/latest_run/64k_batch/20260225_144327/manifest.tsv,cufft_gpu,throughput,n1024_b4096,1024,4096,1,compute,1,0.099853,0.0,0.099789,0.0,0.0,0.0,64.0,2100.243551,2101.5904990000004,avx512_logical,1.295582,161.87,avx512_phys,1.298951,161.45,12.974878303576943,13.016974289253643,12.974893092846484,13.016975818978043,True,True
20260225_144327,/home/nikhil/workspace/xeon-fft-bench/src/gpu/latest_run/64k_batch/20260225_144327/manifest.tsv,cufft_gpu,throughput,n1024_b8192,1024,8192,1,compute,1,0.198093,0.0,0.19785,0.0,0.0,0.0,128.0,2117.343042,2119.945703,avx512_phys,2.8828,145.49,avx512_logical,2.884777,145.39,14.553186074644305,14.581097069949791,14.552760572054542,14.580626737427345,True,True
20260225_144327,/home/nikhil/workspace/xeon-fft-bench/src/gpu/latest_run/64k_batch/20260225_144327/manifest.tsv,cufft_gpu,throughput,n1024_b16384,1024,16384,1,compute,1,0.394178,0.0,0.394035,0.0,0.0,0.0,256.0,2128.129026,2128.898149,avx512_logical,6.025761,139.21,avx512_logical,6.003143,139.74,15.287185015444292,15.23470837984829,15.286903378676639,15.23505018589719,True,True
20260225_144327,/home/nikhil/workspace/xeon-fft-bench/src/gpu/latest_run/64k_batch/20260225_144327/manifest.tsv,cufft_gpu,throughput,n1024_b32768,1024,32768,1,compute,1,0.786125,0.0,0.786022,0.0,0.0,0.0,512.0,2134.166988,2134.445086,avx512_phys,12.257294,136.88,avx512_logical,12.065852,139.05,15.591518030391583,15.35019838906868,15.592041978056926,15.35052708448364,True,True
20260225_144327,/home/nikhil/workspace/xeon-fft-bench/src/gpu/latest_run/64k_batch/20260225_144327/manifest.tsv,cufft_gpu,throughput,n1024_b65536,1024,65536,1,compute,1,1.56969,0.0,1.569894,0.0,0.0,0.0,1024.0,2137.647651,2137.3687179999997,avx512_logical,23.801154,140.98,avx512_logical,24.166751,138.85,15.162772386154067,15.393364911775295,15.162964661812206,15.39387436349206,True,True
20260225_144327,/home/nikhil/workspace/xeon-fft-bench/src/gpu/latest_run/64k_batch/20260225_144327/manifest.tsv,cufft_gpu,throughput,n2048_b1,2048,1,1,compute,1,0.004342,0.0,0.004347,0.0,0.0,0.0,0.03,25.939573000000003,25.910931,avx512_phys,0.00155,72.67,avx512_phys,0.001516,74.3,0.3569502270538049,0.348733930013459,0.356978350990327,0.34874626178974005,False,False
20260225_144327,/home/nikhil/workspace/xeon-fft-bench/src/gpu/latest_run/64k_batch/20260225_144327/manifest.tsv,cufft_gpu,throughput,n2048_b2,2048,2,1,compute,1,0.005018,0.0,0.005016,0.0,0.0,0.0,0.06,44.897960999999995,44.91228199999999,avx512_phys,0.002457,91.69,avx512_phys,0.00266,84.69,0.48967129457956154,0.5303138741291769,0.4896373056994819,0.5303030303030304,False,False
20260225_144327,/home/nikhil/workspace/xeon-fft-bench/src/gpu/latest_run/64k_batch/20260225_144327/manifest.tsv,cufft_gpu,throughput,n2048_b4,2048,4,1,compute,1,0.005018,0.0,0.005018,0.0,0.0,0.0,0.12,89.795921,89.795921,avx512_phys,0.003201,140.76,avx512_phys,0.003072,146.67,0.6379363526570049,0.6122310015681462,0.6379035472299721,0.6121960940613791,False,False
20260225_144327,/home/nikhil/workspace/xeon-fft-bench/src/gpu/latest_run/64k_batch/20260225_144327/manifest.tsv,cufft_gpu,throughput,n2048_b8,2048,8,1,compute,1,0.00512,0.0,0.00512,0.0,0.0,0.0,0.25,176.00000400000002,176.00000400000002,avx512_phys,0.003635,247.9,avx512_phys,0.003208,280.9,0.7099637111738605,0.6265575080099681,0.7099609375,0.6265624999999999,False,False
20260225_144327,/home/nikhil/workspace/xeon-fft-bench/src/gpu/latest_run/64k_batch/20260225_144327/manifest.tsv,cufft_gpu,throughput,n2048_b16,2048,16,1,compute,1,0.00512,0.0,0.00516,0.0,0.0,0.0,0.5,352.000009,349.2713059999999,avx512_phys,0.004797,375.7,avx512_phys,0.004608,391.11,0.9369177774820335,0.8930257625731889,0.9369140625,0.8930232558139536,False,False
20260225_144327,/home/nikhil/workspace/xeon-fft-bench/src/gpu/latest_run/64k_batch/20260225_144327/manifest.tsv,cufft_gpu,throughput,n2048_b32,2048,32,1,compute,1,0.005171,0.0,0.005213,0.0,0.0,0.0,1.0,697.029718,691.46718,avx512_phys,0.007367,489.27,avx512_phys,0.007309,493.16,1.424632039569154,1.402115297266607,1.4246760781280217,1.402071743717629,True,True
20260225_144327,/home/nikhil/workspace/xeon-fft-bench/src/gpu/latest_run/64k_batch/20260225_144327/manifest.tsv,cufft_gpu,throughput,n2048_b64,2048,64,1,compute,1,0.005235,0.0,0.005222,0.0,0.0,0.0,2.0,1377.017114,1380.392182,avx512_phys,0.011816,610.1,avx512_phys,0.011846,608.56,2.2570350991640713,2.268292661364533,2.257115568290353,2.2684795097663732,True,True
20260225_144327,/home/nikhil/workspace/xeon-fft-bench/src/gpu/latest_run/64k_batch/20260225_144327/manifest.tsv,cufft_gpu,throughput,n2048_b128,2048,128,1,compute,1,0.006656,0.0,0.006656,0.0,0.0,0.0,4.0,2166.15384,2166.15384,avx512_phys,0.020723,695.74,avx512_phys,0.021198,680.15,3.1134530715497166,3.184817819598618,3.1134314903846154,3.1847956730769234,True,True
20260225_144327,/home/nikhil/workspace/xeon-fft-bench/src/gpu/latest_run/64k_batch/20260225_144327/manifest.tsv,cufft_gpu,throughput,n2048_b256,2048,256,1,compute,1,0.016742,0.0,0.016538,0.0,0.0,0.0,8.0,1722.324227,1743.6533280000003,avx512_logical,0.04172,691.18,avx512_logical,0.042618,676.61,2.4918606253074453,2.577043389840529,2.491936447258392,2.576974241141613,True,True
20260225_144327,/home/nikhil/workspace/xeon-fft-bench/src/gpu/latest_run/64k_batch/20260225_144327/manifest.tsv,cufft_gpu,throughput,n2048_b512,2048,512,1,compute,1,0.026163,0.0,0.026413,0.0,0.0,0.0,16.0,2204.305322,2183.474683,avx512_logical,0.129116,446.67,avx512_logical,0.12807,450.31,4.934975086753084,4.848825660100819,4.935060963956733,4.848748722220119,True,True
20260225_144327,/home/nikhil/workspace/xeon-fft-bench/src/gpu/latest_run/64k_batch/20260225_144327/manifest.tsv,cufft_gpu,throughput,n2048_b1024,2048,1024,1,compute,1,0.050931,0.0,0.051046,0.0,0.0,0.0,32.0,2264.689736,2259.57868,avx512_logical,0.526331,219.15,avx512_phys,0.514751,224.08,10.333970960529317,10.08380346304891,10.334197247256093,10.084061434784312,True,True
20260225_144327,/home/nikhil/workspace/xeon-fft-bench/src/gpu/latest_run/64k_batch/20260225_144327/manifest.tsv,cufft_gpu,throughput,n2048_b2048,2048,2048,1,compute,1,0.099789,0.0,0.099787,0.0,0.0,0.0,64.0,2311.749549,2311.786694,avx512_phys,1.326364,173.92,avx512_phys,1.357191,169.97,13.292028225620976,13.601145460963698,13.291685456312822,13.600879874131902,True,True
20260225_144327,/home/nikhil/workspace/xeon-fft-bench/src/gpu/latest_run/64k_batch/20260225_144327/manifest.tsv,cufft_gpu,throughput,n2048_b4096,2048,4096,1,compute,1,0.197427,0.0,0.197325,0.0,0.0,0.0,128.0,2336.929446,2338.142184,avx512_logical,2.976943,154.98,avx512_logical,2.966295,155.54,15.07890983352691,15.032417281728172,15.078702507762364,15.032535157734703,True,True
20260225_144327,/home/nikhil/workspace/xeon-fft-bench/src/gpu/latest_run/64k_batch/20260225_144327/manifest.tsv,cufft_gpu,throughput,n2048_b8192,2048,8192,1,compute,1,0.392704,0.0,0.39285,0.0,0.0,0.0,256.0,2349.726146,2348.855407,avx512_logical,6.000556,153.78,avx512_logical,6.107318,151.09,15.279790258811289,15.546067952875768,15.280099005867013,15.546183021509483,True,True
20260225_144327,/home/nikhil/workspace/xeon-fft-bench/src/gpu/latest_run/64k_batch/20260225_144327/manifest.tsv,cufft_gpu,throughput,n2048_b16384,2048,16384,1,compute,1,0.783667,0.0,0.784128,0.0,0.0,0.0,512.0,2354.945824,2353.561872,avx512_logical,12.189118,151.41,avx512_logical,12.254752,150.59,15.553436523347203,15.628938654625141,15.553950849021332,15.62850963108064,True,True
20260225_144327,/home/nikhil/workspace/xeon-fft-bench/src/gpu/latest_run/64k_batch/20260225_144327/manifest.tsv,cufft_gpu,throughput,n2048_b32768,2048,32768,1,compute,1,1.565843,0.0,1.56585,0.0,0.0,0.0,1024.0,2357.188458,2357.178839,avx512_logical,24.37039,151.45,avx512_logical,24.883175,148.33,15.564136401452627,15.891450407874334,15.563750644221674,15.891161350065461,True,True
20260225_144327,/home/nikhil/workspace/xeon-fft-bench/src/gpu/latest_run/64k_batch/20260225_144327/manifest.tsv,cufft_gpu,throughput,n2048_b65536,2048,65536,1,compute,1,3.129344,0.0,3.130306,0.0,0.0,0.0,2048.0,2358.95289,2358.228178,avx512_logical,48.946577,150.82,avx512_logical,49.997726,147.65,15.640849290545022,15.971745194717235,15.641162173286157,15.972152882178293,True,True
20260225_144327,/home/nikhil/workspace/xeon-fft-bench/src/gpu/latest_run/64k_batch/20260225_144327/manifest.tsv,cufft_gpu,throughput,n4096_b1,4096,1,1,compute,1,0.004813,0.0,0.00485,0.0,0.0,0.0,0.06,51.063827999999994,50.676344,avx512_phys,0.003678,66.82,avx512_phys,0.003739,65.73,0.7641997605507334,0.7709773923626958,0.7641803448992313,0.7709278350515464,False,False
20260225_144327,/home/nikhil/workspace/xeon-fft-bench/src/gpu/latest_run/64k_batch/20260225_144327/manifest.tsv,cufft_gpu,throughput,n4096_b2,4096,2,1,compute,1,0.004864,0.0,0.004813,0.0,0.0,0.0,0.12,101.05262800000001,102.127657,avx512_phys,0.004676,105.12,avx512_phys,0.004658,105.52,0.9613073439878235,0.9678511846095528,0.9613486842105262,0.9677955537087056,False,False
20260225_144327,/home/nikhil/workspace/xeon-fft-bench/src/gpu/latest_run/64k_batch/20260225_144327/manifest.tsv,cufft_gpu,throughput,n4096_b4,4096,4,1,compute,1,0.004966,0.0,0.004966,0.0,0.0,0.0,0.25,197.938152,197.938152,avx512_phys,0.004886,201.2,avx512_phys,0.00496,198.19,0.9837880318091452,0.9987292598012009,0.9838904550946436,0.9987917841320982,False,False
20260225_144327,/home/nikhil/workspace/xeon-fft-bench/src/gpu/latest_run/64k_batch/20260225_144327/manifest.tsv,cufft_gpu,throughput,n4096_b8,4096,8,1,compute,1,0.005008,0.0,0.004974,0.0,0.0,0.0,0.5,392.587849,395.239636,avx512_phys,0.005025,391.26,avx512_phys,0.005524,355.92,1.003393776516894,1.1104732411777927,1.0033945686900958,1.1105749899477282,True,True
20260225_144327,/home/nikhil/workspace/xeon-fft-bench/src/gpu/latest_run/64k_batch/20260225_144327/manifest.tsv,cufft_gpu,throughput,n4096_b16,4096,16,1,compute,1,0.005011,0.0,0.004966,0.0,0.0,0.0,1.0,784.6743039999999,791.752606,avx512_logical,0.008407,467.72,avx512_logical,0.008784,447.65,1.6776582228683825,1.768686710599799,1.677709040111754,1.7688280306081354,True,True
20260225_144327,/home/nikhil/workspace/xeon-fft-bench/src/gpu/latest_run/64k_batch/20260225_144327/manifest.tsv,cufft_gpu,throughput,n4096_b32,4096,32,1,compute,1,0.00512,0.0,0.005171,0.0,0.0,0.0,2.0,1536.000039,1520.792112,avx512_logical,0.015007,524.04,avx512_logical,0.015354,512.2,2.931074038241356,2.9691372745021476,2.9310546874999996,2.9692515954360856,True,True
20260225_144327,/home/nikhil/workspace/xeon-fft-bench/src/gpu/latest_run/64k_batch/20260225_144327/manifest.tsv,cufft_gpu,throughput,n4096_b64,4096,64,1,compute,1,0.006451,0.0,0.006502,0.0,0.0,0.0,4.0,2438.095257,2418.897512,avx512_logical,0.027043,581.62,avx512_logical,0.02798,562.14,4.191904090299508,4.303016173906856,4.192063246008371,4.303291294986158,True,True
20260225_144327,/home/nikhil/workspace/xeon-fft-bench/src/gpu/latest_run/64k_batch/20260225_144327/manifest.tsv,cufft_gpu,throughput,n4096_b128,4096,128,1,compute,1,0.015462,0.0,0.015218,0.0,0.0,0.0,8.0,2034.437084,2067.164435,avx512_logical,0.049468,635.91,avx512_logical,0.051183,614.6,3.1992531710462173,3.3634305808656038,3.199327383262191,3.3633197529241685,True,True
20260225_144327,/home/nikhil/workspace/xeon-fft-bench/src/gpu/latest_run/64k_batch/20260225_144327/manifest.tsv,cufft_gpu,throughput,n4096_b256,4096,256,1,compute,1,0.027034,0.0,0.026982,0.0,0.0,0.0,16.0,2327.272709,2331.68882,avx512_logical,0.139471,451.09,avx512_logical,0.138714,453.56,5.15922035292292,5.1408607901931385,5.159095953244064,5.1409828774738715,True,True
20260225_144327,/home/nikhil/workspace/xeon-fft-bench/src/gpu/latest_run/64k_batch/20260225_144327/manifest.tsv,cufft_gpu,throughput,n4096_b512,4096,512,1,compute,1,0.05375,0.0,0.053389,0.0,0.0,0.0,32.0,2340.989387,2356.844959,avx512_phys,0.575309,218.72,avx512_logical,0.563946,223.12,10.70313362746891,10.563127281283615,10.703423255813952,10.562962407986664,True,True
20260225_144327,/home/nikhil/workspace/xeon-fft-bench/src/gpu/latest_run/64k_batch/20260225_144327/manifest.tsv,cufft_gpu,throughput,n4096_b1024,4096,1024,1,compute,1,0.099269,0.0,0.099379,0.0,0.0,0.0,64.0,2535.119191,2532.3029429999997,avx512_phys,1.381286,182.19,avx512_phys,1.390379,181.0,13.914699989022449,13.990623994475136,13.9145755472504,13.990672073576913,True,True
20260225_144327,/home/nikhil/workspace/xeon-fft-bench/src/gpu/latest_run/64k_batch/20260225_144327/manifest.tsv,cufft_gpu,throughput,n4096_b2048,4096,2048,1,compute,1,0.197018,0.0,0.196658,0.0,0.0,0.0,128.0,2554.677779,2559.354355,avx512_phys,3.065541,164.19,avx512_phys,3.059316,164.52,15.55927753821792,15.556493769754436,15.55970012892223,15.556529609779414,True,True
20260225_144327,/home/nikhil/workspace/xeon-fft-bench/src/gpu/latest_run/64k_batch/20260225_144327/manifest.tsv,cufft_gpu,throughput,n4096_b4096,4096,4096,1,compute,1,0.392294,0.0,0.392038,0.0,0.0,0.0,256.0,2566.01405,2567.689741,avx512_phys,6.3721,157.98,avx512_logical,6.430283,156.55,16.242651284972784,16.401723034174385,16.243174761785802,16.402193154745206,True,True
20260225_144327,/home/nikhil/workspace/xeon-fft-bench/src/gpu/latest_run/64k_batch/20260225_144327/manifest.tsv,cufft_gpu,throughput,n4096_b8192,4096,8192,1,compute,1,0.783656,0.0,0.783507,0.0,0.0,0.0,512.0,2569.068543,2569.556361,avx512_phys,12.990976,154.97,avx512_logical,12.860942,156.54,16.5778443763309,16.414695036412418,16.577396204457056,16.41458468143871,True,True
20260225_144327,/home/nikhil/workspace/xeon-fft-bench/src/gpu/latest_run/64k_batch/20260225_144327/manifest.tsv,cufft_gpu,throughput,n4096_b16384,4096,16384,1,compute,1,1.565683,0.0,1.565798,0.0,0.0,0.0,1024.0,2571.741146,2571.5519290000007,avx512_phys,25.65617,156.94,avx512_phys,26.454965,152.2,16.38677931693641,16.895873383705656,16.386567395826614,16.895515896686547,True,True
20260225_144327,/home/nikhil/workspace/xeon-fft-bench/src/gpu/latest_run/64k_batch/20260225_144327/manifest.tsv,cufft_gpu,throughput,n4096_b32768,4096,32768,1,compute,1,3.129805,0.0,3.129498,0.0,0.0,0.0,2048.0,2573.024259,2573.276894,avx512_phys,51.374038,156.75,avx512_logical,51.692287,155.79,16.41482780861244,16.517599935811027,16.41445329661113,16.5177568415126,True,True
20260225_144327,/home/nikhil/workspace/xeon-fft-bench/src/gpu/latest_run/64k_batch/20260225_144327/manifest.tsv,cufft_gpu,throughput,n8192_b1,8192,1,1,compute,1,0.008304,0.0,0.008346,0.0,0.0,0.0,0.12,64.123315,63.803678999999995,avx512_phys,0.008862,60.09,avx512_phys,0.008791,60.57,1.067121234814445,1.0533874690440812,1.0671965317919074,1.0533189551881141,True,True
20260225_144327,/home/nikhil/workspace/xeon-fft-bench/src/gpu/latest_run/64k_batch/20260225_144327/manifest.tsv,cufft_gpu,throughput,n8192_b2,8192,2,1,compute,1,0.008038,0.0,0.007834,0.0,0.0,0.0,0.25,132.484075,135.94771199999997,avx512_phys,0.018544,57.43,avx512_phys,0.017618,60.45,2.3068792442974053,2.248928238213399,2.3070415526250314,2.248914985958642,True,True
20260225_144327,/home/nikhil/workspace/xeon-fft-bench/src/gpu/latest_run/64k_batch/20260225_144327/manifest.tsv,cufft_gpu,throughput,n8192_b4,8192,4,1,compute,1,0.007987,0.0,0.007936,0.0,0.0,0.0,0.5,266.666676,268.387094,avx512_phys,0.033911,62.81,avx512_phys,0.035276,60.38,4.2456085973571085,4.444966777078503,4.245774383372981,4.445060483870968,True,True
20260225_144327,/home/nikhil/workspace/xeon-fft-bench/src/gpu/latest_run/64k_batch/20260225_144327/manifest.tsv,cufft_gpu,throughput,n8192_b8,8192,8,1,compute,1,0.007987,0.0,0.007936,0.0,0.0,0.0,1.0,533.333352,536.774188,avx512_phys,0.010467,406.98,avx512_phys,0.010693,398.38,1.3104657526168362,1.3473924092574927,1.3105045699261302,1.3474042338709675,True,True
20260225_144327,/home/nikhil/workspace/xeon-fft-bench/src/gpu/latest_run/64k_batch/20260225_144327/manifest.tsv,cufft_gpu,throughput,n8192_b16,8192,16,1,compute,1,0.007936,0.0,0.007936,0.0,0.0,0.0,2.0,1073.548376,1073.548376,avx512_logical,0.017075,498.96,avx512_logical,0.017309,492.21,2.151572021805355,2.1810779464049896,2.151587701612903,2.1810735887096775,True,True
20260225_144327,/home/nikhil/workspace/xeon-fft-bench/src/gpu/latest_run/64k_batch/20260225_144327/manifest.tsv,cufft_gpu,throughput,n8192_b32,8192,32,1,compute,1,0.007974,0.0,0.007893,0.0,0.0,0.0,4.0,2136.7575250000004,2158.848537,avx512_logical,0.031469,541.46,avx512_logical,0.032224,528.78,3.9462887840283685,4.082697032792465,3.946450965638324,4.082604839731408,True,True
20260225_144327,/home/nikhil/workspace/xeon-fft-bench/src/gpu/latest_run/64k_batch/20260225_144327/manifest.tsv,cufft_gpu,throughput,n8192_b64,8192,64,1,compute,1,0.017562,0.0,0.01751,0.0,0.0,0.0,8.0,1940.5248240000003,1946.1987510000001,avx512_logical,0.064147,531.26,avx512_logical,0.065397,521.11,3.6526838534804056,3.7347177198672066,3.652602209315567,3.7348372358652195,True,True
20260225_144327,/home/nikhil/workspace/xeon-fft-bench/src/gpu/latest_run/64k_batch/20260225_144327/manifest.tsv,cufft_gpu,throughput,n8192_b128,8192,128,1,compute,1,0.029894,0.0,0.029696,0.0,0.0,0.0,16.0,2279.9400830000004,2295.1724429999995,avx512_logical,0.159054,428.52,avx512_logical,0.165215,412.54,5.320498653505089,5.56351491491734,5.320599451394929,5.563543911637931,True,True
20260225_144327,/home/nikhil/workspace/xeon-fft-bench/src/gpu/latest_run/64k_batch/20260225_144327/manifest.tsv,cufft_gpu,throughput,n8192_b256,8192,256,1,compute,1,0.05564,0.0,0.055965,0.0,0.0,0.0,32.0,2449.943921,2435.7254119999993,avx512_phys,0.550424,247.65,avx512_phys,0.546121,249.61,9.892767700383606,9.758124321942226,9.892595255212077,9.75825962655231,True,True
20260225_144327,/home/nikhil/workspace/xeon-fft-bench/src/gpu/latest_run/64k_batch/20260225_144327/manifest.tsv,cufft_gpu,throughput,n8192_b512,8192,512,1,compute,1,0.108099,0.0,0.108339,0.0,0.0,0.0,64.0,2522.033134,2516.4460690000005,avx512_phys,1.348984,202.1,avx512_phys,1.366803,199.47,12.479134755071746,12.615661848899586,12.47915336867131,12.615983163957576,True,True
20260225_144327,/home/nikhil/workspace/xeon-fft-bench/src/gpu/latest_run/64k_batch/20260225_144327/manifest.tsv,cufft_gpu,throughput,n8192_b1024,8192,1024,1,compute,1,0.200346,0.0,0.200448,0.0,0.0,0.0,128.0,2721.5945269999997,2720.204498,avx512_phys,2.984618,182.69,avx512_phys,3.086194,176.68,14.897337166785263,15.396221971926646,14.897317640481967,15.396481880587485,True,True
20260225_144327,/home/nikhil/workspace/xeon-fft-bench/src/gpu/latest_run/64k_batch/20260225_144327/manifest.tsv,cufft_gpu,throughput,n8192_b2048,8192,2048,1,compute,1,0.395878,0.0,0.396426,0.0,0.0,0.0,256.0,2754.68177,2750.879425,avx512_phys,6.282256,173.59,avx512_phys,6.245661,174.6,15.868896653033008,15.755323167239405,15.869171815559339,15.754922734633954,True,True
20260225_144327,/home/nikhil/workspace/xeon-fft-bench/src/gpu/latest_run/64k_batch/20260225_144327/manifest.tsv,cufft_gpu,throughput,n8192_b4096,8192,4096,1,compute,1,0.789141,0.0,0.787605,0.0,0.0,0.0,512.0,2763.8136179999997,2769.2036100000005,avx512_phys,12.675514,172.07,avx512_phys,13.379549,163.01,16.062146905329225,16.987936997730205,16.062419770357895,16.987638473600345,True,True
20260225_144327,/home/nikhil/workspace/xeon-fft-bench/src/gpu/latest_run/64k_batch/20260225_144327/manifest.tsv,cufft_gpu,throughput,n8192_b8192,8192,8192,1,compute,1,1.571277,0.0,1.571618,0.0,0.0,0.0,1024.0,2776.134842,2775.53277,avx512_phys,25.552542,170.71,avx512_phys,25.835918,168.84,16.262285993790638,16.4388342217484,16.262277116001826,16.439057073665484,True,True
20260225_144327,/home/nikhil/workspace/xeon-fft-bench/src/gpu/latest_run/64k_batch/20260225_144327/manifest.tsv,cufft_gpu,throughput,n8192_b16384,8192,16384,1,compute,1,3.137741,0.0,3.137485,0.0,0.0,0.0,2048.0,2780.393007,2780.61984,avx512_phys,51.171401,170.49,avx512_phys,51.549556,169.24,16.308246859053316,16.430039234223585,16.30835719073053,16.43021592135102,True,True
20260225_144327,/home/nikhil/workspace/xeon-fft-bench/src/gpu/latest_run/64k_batch/20260225_144327/manifest.tsv,cufft_gpu,throughput,n16384_b1,16384,1,1,compute,1,0.010342,0.0,0.010282,0.0,0.0,0.0,0.25,110.891092,111.54683999999999,avx512_phys,0.012527,91.55,avx512_phys,0.012611,90.94,1.211262610595303,1.2265981966131514,1.2112744150067685,1.2265123516825522,True,True
20260225_144327,/home/nikhil/workspace/xeon-fft-bench/src/gpu/latest_run/64k_batch/20260225_144327/manifest.tsv,cufft_gpu,throughput,n16384_b2,16384,2,1,compute,1,0.010333,0.0,0.010291,0.0,0.0,0.0,0.5,221.98823799999997,222.885569,avx512_phys,0.041818,54.85,avx512_phys,0.041713,54.99,4.047187566089334,4.053201836697581,4.047033775283074,4.053347585268681,True,True
20260225_144327,/home/nikhil/workspace/xeon-fft-bench/src/gpu/latest_run/64k_batch/20260225_144327/manifest.tsv,cufft_gpu,throughput,n16384_b4,16384,4,1,compute,1,0.010293,0.0,0.010291,0.0,0.0,0.0,1.0,445.70186,445.771139,avx512_phys,0.093044,49.3,avx512_phys,0.092238,49.74,9.040605679513185,8.962025311620426,9.03954143592733,8.962977358857254,True,True
20260225_144327,/home/nikhil/workspace/xeon-fft-bench/src/gpu/latest_run/64k_batch/20260225_144327/manifest.tsv,cufft_gpu,throughput,n16384_b8,16384,8,1,compute,1,0.010394,0.0,0.010379,0.0,0.0,0.0,2.0,882.758607,883.983378,avx512_phys,0.022706,404.08,avx512_phys,0.023283,394.07,2.1846134602058997,2.2432140939427008,2.1845295362709254,2.2432796993930055,True,True
20260225_144327,/home/nikhil/workspace/xeon-fft-bench/src/gpu/latest_run/64k_batch/20260225_144327/manifest.tsv,cufft_gpu,throughput,n16384_b16,16384,16,1,compute,1,0.016165,0.0,0.016179,0.0,0.0,0.0,4.0,1135.1875310000003,1134.177249,avx512_logical,0.038721,473.91,avx512_logical,0.039014,470.35,2.3953652191344355,2.411347398745615,2.395360346427467,2.4113974905742013,True,True
20260225_144327,/home/nikhil/workspace/xeon-fft-bench/src/gpu/latest_run/64k_batch/20260225_144327/manifest.tsv,cufft_gpu,throughput,n16384_b32,16384,32,1,compute,1,0.02345,0.0,0.023603,0.0,0.0,0.0,8.0,1565.0655189999998,1554.880732,avx512_logical,0.089152,411.66,avx512_phys,0.095423,384.6,3.8018401569256173,4.042851617264691,3.8017910447761194,4.042833538109562,True,True
20260225_144327,/home/nikhil/workspace/xeon-fft-bench/src/gpu/latest_run/64k_batch/20260225_144327/manifest.tsv,cufft_gpu,throughput,n16384_b64,16384,64,1,compute,1,0.037325,0.0,0.037478,0.0,0.0,0.0,16.0,1966.5294349999997,1958.469983,avx512_phys,0.198561,369.66,avx512_phys,0.201,365.18,5.3198329140291065,5.363026406155868,5.319785666443402,5.3631463792091365,True,True
20260225_144327,/home/nikhil/workspace/xeon-fft-bench/src/gpu/latest_run/64k_batch/20260225_144327/manifest.tsv,cufft_gpu,throughput,n16384_b128,16384,128,1,compute,1,0.071782,0.0,0.071731,0.0,0.0,0.0,32.0,2045.0785100000003,2046.5382490000002,avx512_phys,0.579332,253.4,avx512_phys,0.594235,247.04,8.070554498816103,8.28423837840026,8.07071410660054,8.284214635234417,True,True
20260225_144327,/home/nikhil/workspace/xeon-fft-bench/src/gpu/latest_run/64k_batch/20260225_144327/manifest.tsv,cufft_gpu,throughput,n16384_b256,16384,256,1,compute,1,0.132707,0.0,0.133478,0.0,0.0,0.0,64.0,2212.398985,2199.616366,avx512_phys,1.37892,212.92,avx512_phys,1.428529,205.53,10.390752324816832,10.702166914805625,10.390710361925143,10.702355444342887,True,True
20260225_144327,/home/nikhil/workspace/xeon-fft-bench/src/gpu/latest_run/64k_batch/20260225_144327/manifest.tsv,cufft_gpu,throughput,n16384_b512,16384,512,1,compute,1,0.234854,0.0,0.234342,0.0,0.0,0.0,128.0,2500.283535,2505.7460339999993,avx512_phys,3.030969,193.73,avx512_phys,3.076979,190.84,12.906021447375213,13.13008821001886,12.905758471220416,13.13029247851431,True,True
20260225_144327,/home/nikhil/workspace/xeon-fft-bench/src/gpu/latest_run/64k_batch/20260225_144327/manifest.tsv,cufft_gpu,throughput,n16384_b1024,16384,1024,1,compute,1,0.418544,0.0,0.419942,0.0,0.0,0.0,256.0,2805.9298480000007,2796.5863379999996,avx512_phys,6.335804,185.36,avx512_phys,6.357345,184.73,15.137731160984034,15.138777339901477,15.137725065942888,15.138626286487181,True,True
20260225_144327,/home/nikhil/workspace/xeon-fft-bench/src/gpu/latest_run/64k_batch/20260225_144327/manifest.tsv,cufft_gpu,throughput,n16384_b2048,16384,2048,1,compute,1,0.810549,0.0,0.809979,0.0,0.0,0.0,512.0,2897.802441,2899.8403630000003,avx512_phys,12.858669,182.66,avx512_phys,13.094529,179.37,15.864460971203329,16.166808067123824,15.864147633270784,16.166504316778582,True,True
20260225_144327,/home/nikhil/workspace/xeon-fft-bench/src/gpu/latest_run/64k_batch/20260225_144327/manifest.tsv,cufft_gpu,throughput,n16384_b4096,16384,4096,1,compute,1,1.598106,0.0,1.59657,0.0,0.0,0.0,1024.0,2939.493121,2942.321075,avx512_phys,25.985285,180.78,avx512_phys,27.409393,171.39,16.26005709149242,17.167402269677343,16.260050960324286,17.16767382576398,True,True
20260225_144327,/home/nikhil/workspace/xeon-fft-bench/src/gpu/latest_run/64k_batch/20260225_144327/manifest.tsv,cufft_gpu,throughput,n16384_b8192,16384,8192,1,compute,1,3.173171,0.0,3.174853,0.0,0.0,0.0,2048.0,2960.836421,2959.268253,avx512_phys,52.687795,178.32,avx512_phys,53.886184,174.35,16.604062477568416,16.973147421852598,16.604146136467275,16.972812284537266,True,True
20260225_144327,/home/nikhil/workspace/xeon-fft-bench/src/gpu/latest_run/64k_batch/20260225_144327/manifest.tsv,cufft_gpu,throughput,n32768_b1,32768,1,1,compute,1,0.00829,0.0,0.008192,0.0,0.0,0.0,0.5,296.46785700000004,300.0000079999999,avx512_logical,0.017989,136.62,avx512_logical,0.01782,137.91,2.1700179841897236,2.1753317960989045,2.169963811821472,2.17529296875,True,True
20260225_144327,/home/nikhil/workspace/xeon-fft-bench/src/gpu/latest_run/64k_batch/20260225_144327/manifest.tsv,cufft_gpu,throughput,n32768_b2,32768,2,1,compute,1,0.008243,0.0,0.00824,0.0,0.0,0.0,1.0,596.273279,596.5048430000002,avx512_phys,0.110579,44.45,avx512_phys,0.112035,43.87,13.414471968503936,13.597101504444955,13.414897488778356,13.59648058252427,True,True
20260225_144327,/home/nikhil/workspace/xeon-fft-bench/src/gpu/latest_run/64k_batch/20260225_144327/manifest.tsv,cufft_gpu,throughput,n32768_b4,32768,4,1,compute,1,0.008699,0.0,0.008642,0.0,0.0,0.0,2.0,1130.034906,1137.567135,avx512_phys,0.244918,40.14,avx512_phys,0.246373,39.9,28.15233946188341,28.510454511278198,28.154730428784916,28.508794260587827,True,True
20260225_144327,/home/nikhil/workspace/xeon-fft-bench/src/gpu/latest_run/64k_batch/20260225_144327/manifest.tsv,cufft_gpu,throughput,n32768_b8,32768,8,1,compute,1,0.01408,0.0,0.014045,0.0,0.0,0.0,4.0,1396.363644,1399.8632550000002,avx512_phys,0.053866,364.99,avx512_phys,0.059014,333.15,3.8257586344831367,4.201900810445746,3.825710227272727,4.201779992880028,True,True
20260225_144327,/home/nikhil/workspace/xeon-fft-bench/src/gpu/latest_run/64k_batch/20260225_144327/manifest.tsv,cufft_gpu,throughput,n32768_b16,32768,16,1,compute,1,0.025139,0.0,0.025139,0.0,0.0,0.0,8.0,1564.154743,1564.154743,avx512_phys,0.115866,339.37,avx512_logical,0.119455,329.18,4.60899532368801,4.75167003766936,4.609013882811567,4.751780102629381,True,True
20260225_144327,/home/nikhil/workspace/xeon-fft-bench/src/gpu/latest_run/64k_batch/20260225_144327/manifest.tsv,cufft_gpu,throughput,n32768_b32,32768,32,1,compute,1,0.057088,0.0,0.056781,0.0,0.0,0.0,16.0,1377.578485,1385.031627,avx512_phys,0.259443,303.12,avx512_phys,0.268054,293.39,4.544663780021113,4.720786758239886,4.544615330717488,4.72083971751114,True,True
20260225_144327,/home/nikhil/workspace/xeon-fft-bench/src/gpu/latest_run/64k_batch/20260225_144327/manifest.tsv,cufft_gpu,throughput,n32768_b64,32768,64,1,compute,1,0.110027,0.0,0.110234,0.0,0.0,0.0,32.0,1429.522804,1426.846198,avx512_phys,0.658509,238.85,avx512_phys,0.674598,233.16,5.985023253087712,6.1196011236918855,5.984976414879984,6.11969083948691,True,True
20260225_144327,/home/nikhil/workspace/xeon-fft-bench/src/gpu/latest_run/64k_batch/20260225_144327/manifest.tsv,cufft_gpu,throughput,n32768_b128,32768,128,1,compute,1,0.21504,0.0,0.214733,0.0,0.0,0.0,64.0,1462.857195,1464.949997,avx512_phys,1.49861,209.91,avx512_phys,1.518767,207.12,6.968973345719594,7.072952863074546,6.968982514880952,7.072816008717803,True,True
20260225_144327,/home/nikhil/workspace/xeon-fft-bench/src/gpu/latest_run/64k_batch/20260225_144327/manifest.tsv,cufft_gpu,throughput,n32768_b256,32768,256,1,compute,1,0.424346,0.0,0.424448,0.0,0.0,0.0,128.0,1482.625522,1482.267746,avx512_phys,3.355317,187.51,avx512_phys,3.280772,191.77,7.9069144152311885,7.729403691922615,7.907031054846752,7.729502789505428,True,True
20260225_144327,/home/nikhil/workspace/xeon-fft-bench/src/gpu/latest_run/64k_batch/20260225_144327/manifest.tsv,cufft_gpu,throughput,n32768_b512,32768,512,1,compute,1,0.793498,0.0,0.793656,0.0,0.0,0.0,256.0,1585.7529799999998,1585.4364810000002,avx512_phys,6.714069,187.41,avx512_phys,6.628925,189.82,8.461410703804491,8.352315251290698,8.461355920241765,8.352390708316953,True,True
20260225_144327,/home/nikhil/workspace/xeon-fft-bench/src/gpu/latest_run/64k_batch/20260225_144327/manifest.tsv,cufft_gpu,throughput,n32768_b1024,32768,1024,1,compute,1,1.581107,0.0,1.581666,0.0,0.0,0.0,512.0,1591.6582659999997,1591.0963619999998,avx512_phys,13.576078,185.37,avx512_phys,13.410679,187.66,8.586385423747098,8.47861218160503,8.586438488982719,8.478831181804502,True,True
20260225_144327,/home/nikhil/workspace/xeon-fft-bench/src/gpu/latest_run/64k_batch/20260225_144327/manifest.tsv,cufft_gpu,throughput,n32768_b2048,32768,2048,1,compute,1,3.15817,0.0,3.157542,0.0,0.0,0.0,1024.0,1593.696827,1594.01336,avx512_phys,27.084079,185.83,avx512_phys,27.497355,183.04,8.57610088252704,8.70855201048951,8.575877486012468,8.708468485929878,True,True
20260225_144327,/home/nikhil/workspace/xeon-fft-bench/src/gpu/latest_run/64k_batch/20260225_144327/manifest.tsv,cufft_gpu,throughput,n32768_b4096,32768,4096,1,compute,1,6.312288,0.0,6.306702,0.0,0.0,0.0,2048.0,1594.719657,1596.132008,avx512_phys,54.182668,185.79,avx512_phys,55.253584,182.18,8.58345259163572,8.761291074761225,8.583681226205142,8.761090027719717,True,True
20260225_144327,/home/nikhil/workspace/xeon-fft-bench/src/gpu/latest_run/64k_batch/20260225_144327/manifest.tsv,cufft_gpu,throughput,n65536_b1,65536,1,1,compute,1,0.007619,0.0,0.007534,0.0,0.0,0.0,1.0,688.114247,695.8590279999999,avx512_logical,0.035062,149.53,avx512_logical,0.035342,148.35,4.601847435297264,4.69065741826761,4.601916261976638,4.6910007963897,True,True
20260225_144327,/home/nikhil/workspace/xeon-fft-bench/src/gpu/latest_run/64k_batch/20260225_144327/manifest.tsv,cufft_gpu,throughput,n65536_b2,65536,2,1,compute,1,0.008602,0.0,0.00855,0.0,0.0,0.0,2.0,1219.047629,1226.347264,avx512_phys,0.281747,37.22,avx512_phys,0.286662,36.58,32.752488688876944,33.52507556041553,32.75366193908393,33.52771929824561,True,True
20260225_144327,/home/nikhil/workspace/xeon-fft-bench/src/gpu/latest_run/64k_batch/20260225_144327/manifest.tsv,cufft_gpu,throughput,n65536_b4,65536,4,1,compute,1,0.013363,0.0,0.013405,0.0,0.0,0.0,4.0,1569.3486089999997,1564.478396,avx512_logical,0.143309,146.34,avx512_logical,0.144971,144.66,10.723989401394011,10.8148651735103,10.724313402679039,10.814696008951882,True,True
20260225_144327,/home/nikhil/workspace/xeon-fft-bench/src/gpu/latest_run/64k_batch/20260225_144327/manifest.tsv,cufft_gpu,throughput,n65536_b8,65536,8,1,compute,1,0.024064,0.0,0.02391,0.0,0.0,0.0,8.0,1742.978727,1754.175569,avx512_phys,0.171811,244.12,avx512_phys,0.166686,251.63,7.1398440398164835,6.971249727774908,7.13975232712766,6.971392722710163,True,True
20260225_144327,/home/nikhil/workspace/xeon-fft-bench/src/gpu/latest_run/64k_batch/20260225_144327/manifest.tsv,cufft_gpu,throughput,n65536_b16,65536,16,1,compute,1,0.057352,0.0,0.057139,0.0,0.0,0.0,16.0,1462.6530780000003,1468.100359,avx512_phys,0.408044,205.58,avx512_phys,0.404387,207.44,7.114763488666213,7.0772288806401855,7.114730087878366,7.077250214389471,True,True
20260225_144327,/home/nikhil/workspace/xeon-fft-bench/src/gpu/latest_run/64k_batch/20260225_144327/manifest.tsv,cufft_gpu,throughput,n65536_b32,65536,32,1,compute,1,0.110278,0.0,0.109875,0.0,0.0,0.0,32.0,1521.351001,1526.9337999999998,avx512_phys,1.037012,161.78,avx512_phys,1.066888,157.25,9.403826189887502,9.710230842607311,9.40361631513085,9.710015927189989,True,True
20260225_144327,/home/nikhil/workspace/xeon-fft-bench/src/gpu/latest_run/64k_batch/20260225_144327/manifest.tsv,cufft_gpu,throughput,n65536_b64,65536,64,1,compute,1,0.214736,0.0,0.214886,0.0,0.0,0.0,64.0,1562.589908,1561.4962839999998,avx512_phys,2.176278,154.18,avx512_phys,2.250959,149.07,10.134841795304188,10.474919728986382,10.134667684971312,10.47513099969286,True,True
20260225_144327,/home/nikhil/workspace/xeon-fft-bench/src/gpu/latest_run/64k_batch/20260225_144327/manifest.tsv,cufft_gpu,throughput,n65536_b128,65536,128,1,compute,1,0.425626,0.0,0.425566,0.0,0.0,0.0,128.0,1576.711137,1576.930557,avx512_phys,4.307867,155.78,avx512_phys,4.292733,156.33,10.121396437283348,10.087190923047398,10.12124964170422,10.087114572122774,True,True
20260225_144327,/home/nikhil/workspace/xeon-fft-bench/src/gpu/latest_run/64k_batch/20260225_144327/manifest.tsv,cufft_gpu,throughput,n65536_b256,65536,256,1,compute,1,0.789555,0.0,0.789504,0.0,0.0,0.0,256.0,1699.915665,1700.025933,avx512_phys,8.505377,157.8,avx512_phys,8.513053,157.66,10.772596102661597,10.782861429658759,10.77236797943145,10.782786407668612,True,True
20260225_144327,/home/nikhil/workspace/xeon-fft-bench/src/gpu/latest_run/64k_batch/20260225_144327/manifest.tsv,cufft_gpu,throughput,n65536_b512,65536,512,1,compute,1,1.577882,0.0,1.576858,0.0,0.0,0.0,512.0,1701.2395110000002,1702.3443440000003,avx512_phys,16.937449,158.49,avx512_phys,17.103201,156.95,10.734049536248344,10.84641187639376,10.73429381918293,10.846379953045865,True,True
20260225_144327,/home/nikhil/workspace/xeon-fft-bench/src/gpu/latest_run/64k_batch/20260225_144327/manifest.tsv,cufft_gpu,throughput,n65536_b1024,65536,1024,1,compute,1,3.148941,0.0,3.149013,0.0,0.0,0.0,1024.0,1704.925363,1704.8864310000001,avx512_phys,32.673276,164.31,avx512_phys,32.661877,164.37,10.376272673604772,10.372248165723672,10.375956869309396,10.372099765863144,True,True
20260225_144327,/home/nikhil/workspace/xeon-fft-bench/src/gpu/latest_run/64k_batch/20260225_144327/manifest.tsv,cufft_gpu,throughput,n65536_b2048,65536,2048,1,compute,1,6.291302,0.0,6.280602,0.0,0.0,0.0,2048.0,1706.70831,1709.616227,avx512_phys,66.963608,160.35,avx512_phys,64.127926,167.44,10.643643966323667,10.21032147037745,10.643839383326375,10.210474409937136,True,True
20260225_144327,/home/nikhil/workspace/xeon-fft-bench/src/gpu/latest_run/64k_batch/20260225_144327/manifest.tsv,cufft_gpu,throughput,n131072_b1,131072,1,1,compute,1,0.009626,0.0,0.009574,0.0,0.0,0.0,2.0,1157.446775,1163.6363769999998,avx512_logical,0.068036,163.75,avx512_logical,0.067086,166.07,7.068377251908396,7.006902974649243,7.06794099314357,7.007102569458953,True,True
20260225_144327,/home/nikhil/workspace/xeon-fft-bench/src/gpu/latest_run/64k_batch/20260225_144327/manifest.tsv,cufft_gpu,throughput,n131072_b2,131072,2,1,compute,1,0.014592,0.0,0.014438,0.0,0.0,0.0,4.0,1527.0176120000003,1543.262446,avx512_phys,0.676484,32.94,avx512_phys,0.675905,32.97,46.35754741955071,46.80808146800121,46.359923245614034,46.814309461144205,True,True
20260225_144327,/home/nikhil/workspace/xeon-fft-bench/src/gpu/latest_run/64k_batch/20260225_144327/manifest.tsv,cufft_gpu,throughput,n131072_b4,131072,4,1,compute,1,0.024986,0.0,0.025037,0.0,0.0,0.0,8.0,1783.606592,1779.959107,avx512_phys,0.278393,160.08,avx512_phys,0.275984,161.47,11.141970214892554,11.023466321917384,11.141959497318497,11.023045892079722,True,True
20260225_144327,/home/nikhil/workspace/xeon-fft-bench/src/gpu/latest_run/64k_batch/20260225_144327/manifest.tsv,cufft_gpu,throughput,n131072_b8,131072,8,1,compute,1,0.057037,0.0,0.056422,0.0,0.0,0.0,16.0,1562.6571139999999,1579.673308,avx512_phys,0.617186,144.41,avx512_phys,0.607338,146.75,10.820975791150197,10.764383700170358,10.82080053298736,10.764205451774131,True,True
20260225_144327,/home/nikhil/workspace/xeon-fft-bench/src/gpu/latest_run/64k_batch/20260225_144327/manifest.tsv,cufft_gpu,throughput,n131072_b16,131072,16,1,compute,1,0.111718,0.0,0.11136,0.0,0.0,0.0,32.0,1595.600305,1600.73561,avx512_logical,1.605196,111.05,avx512_logical,1.582313,112.66,14.368305312922107,14.208553257589207,14.368284430440932,14.20898886494253,True,True
20260225_144327,/home/nikhil/workspace/xeon-fft-bench/src/gpu/latest_run/64k_batch/20260225_144327/manifest.tsv,cufft_gpu,throughput,n131072_b32,131072,32,1,compute,1,0.215398,0.0,0.21504,0.0,0.0,0.0,64.0,1655.1461310000002,1657.904821,avx512_logical,3.608191,98.81,avx512_logical,3.602305,98.97,16.750795779779377,16.75158958270183,16.751274385091783,16.751790364583332,True,True
20260225_144327,/home/nikhil/workspace/xeon-fft-bench/src/gpu/latest_run/64k_batch/20260225_144327/manifest.tsv,cufft_gpu,throughput,n131072_b64,131072,64,1,compute,1,0.423464,0.0,0.423373,0.0,0.0,0.0,128.0,1683.807029,1684.169818,avx512_phys,7.192988,99.13,avx512_phys,7.35418,96.96,16.985847160294565,17.3697382219472,16.986067292615193,17.370451115210464,True,True
20260225_144327,/home/nikhil/workspace/xeon-fft-bench/src/gpu/latest_run/64k_batch/20260225_144327/manifest.tsv,cufft_gpu,throughput,n131072_b128,131072,128,1,compute,1,0.789965,0.0,0.789757,0.0,0.0,0.0,256.0,1805.223886,1805.6993230000003,avx512_phys,14.643606,97.38,avx512_logical,14.54165,98.07,18.53793269665229,18.41235161619252,18.537031387466534,18.41281558757947,True,True
20260225_144327,/home/nikhil/workspace/xeon-fft-bench/src/gpu/latest_run/64k_batch/20260225_144327/manifest.tsv,cufft_gpu,throughput,n131072_b256,131072,256,1,compute,1,1.572915,0.0,1.573069,0.0,0.0,0.0,512.0,1813.274339,1813.097242,avx512_logical,28.269892,100.89,avx512_phys,29.49674,96.69,17.97278559817623,18.75165210466439,17.97293051436346,18.751078306164572,True,True
20260225_144327,/home/nikhil/workspace/xeon-fft-bench/src/gpu/latest_run/64k_batch/20260225_144327/manifest.tsv,cufft_gpu,throughput,n131072_b512,131072,512,1,compute,1,3.137382,0.0,3.138509,0.0,0.0,0.0,1024.0,1818.156942,1817.5043659999997,avx512_phys,53.989456,105.65,avx512_logical,58.56905,97.39,17.209246966398485,18.662125125782932,17.208441942995783,18.661424899530317,True,True
20260225_144327,/home/nikhil/workspace/xeon-fft-bench/src/gpu/latest_run/64k_batch/20260225_144327/manifest.tsv,cufft_gpu,throughput,n131072_b1024,131072,1024,1,compute,1,6.288171,0.0,6.269123,0.0,0.0,0.0,2048.0,1814.2805240000002,1819.7930939999999,avx512_logical,110.429208,103.31,avx512_logical,115.085548,99.13,17.561518962346337,18.35764242913346,17.561419369797672,18.357519544599782,True,True
20260225_144327,/home/nikhil/workspace/xeon-fft-bench/src/gpu/latest_run/64k_batch/20260225_144327/manifest.tsv,cufft_gpu,throughput,n262144_b1,262144,1,1,compute,1,0.016077,0.0,0.015718,0.0,0.0,0.0,4.0,1467.515903,1500.977153,avx512_phys,0.13994,168.59,avx512_phys,0.145577,162.07,8.704643828222315,9.261289276238664,8.704360266218822,9.261801755948595,True,True
20260225_144327,/home/nikhil/workspace/xeon-fft-bench/src/gpu/latest_run/64k_batch/20260225_144327/manifest.tsv,cufft_gpu,throughput,n262144_b2,262144,2,1,compute,1,0.0256,0.0,0.025498,0.0,0.0,0.0,8.0,1843.1999120000003,1850.602378,avx512_phys,1.682813,28.04,avx512_phys,1.692246,27.88,65.73466162624823,66.37741671449068,65.73488281249999,66.36779355243549,True,True
20260225_144327,/home/nikhil/workspace/xeon-fft-bench/src/gpu/latest_run/64k_batch/20260225_144327/manifest.tsv,cufft_gpu,throughput,n262144_b4,262144,4,1,compute,1,0.057382,0.0,0.057344,0.0,0.0,0.0,16.0,1644.613016,1645.714242,avx512_phys,0.614549,153.56,avx512_phys,0.599788,157.34,10.709905027350873,10.459604944705733,10.709787041232442,10.45947265625,True,True
20260225_144327,/home/nikhil/workspace/xeon-fft-bench/src/gpu/latest_run/64k_batch/20260225_144327/manifest.tsv,cufft_gpu,throughput,n262144_b8,262144,8,1,compute,1,0.113664,0.0,0.11305,0.0,0.0,0.0,32.0,1660.54061,1669.5651799999998,avx512_phys,1.657272,113.89,avx512_phys,1.607073,117.45,14.580214329616297,14.215114346530436,14.580447635135135,14.215594869526758,True,True
20260225_144327,/home/nikhil/workspace/xeon-fft-bench/src/gpu/latest_run/64k_batch/20260225_144327/manifest.tsv,cufft_gpu,throughput,n262144_b16,262144,16,1,compute,1,0.217792,0.0,0.217754,0.0,0.0,0.0,64.0,1733.247053,1733.5527780000002,avx512_phys,3.776241,99.96,avx512_phys,3.777007,99.94,17.33940629251701,17.345935341204726,17.338749816338524,17.345293312637196,True,True
20260225_144327,/home/nikhil/workspace/xeon-fft-bench/src/gpu/latest_run/64k_batch/20260225_144327/manifest.tsv,cufft_gpu,throughput,n262144_b32,262144,32,1,compute,1,0.427366,0.0,0.426899,0.0,0.0,0.0,128.0,1766.574818,1768.508185,avx512_phys,7.297942,103.45,avx512_phys,7.326183,103.05,17.076605297245045,17.161651479864144,17.07656201008035,17.161396489567792,True,True
20260225_144327,/home/nikhil/workspace/xeon-fft-bench/src/gpu/latest_run/64k_batch/20260225_144327/manifest.tsv,cufft_gpu,throughput,n262144_b64,262144,64,1,compute,1,0.796211,0.0,0.795341,0.0,0.0,0.0,256.0,1896.418249,1898.4936829999997,avx512_phys,14.701367,102.71,avx512_phys,14.907113,101.29,18.463813153539093,18.743150192516534,18.464159626028778,18.74304606451824,True,True
20260225_144327,/home/nikhil/workspace/xeon-fft-bench/src/gpu/latest_run/64k_batch/20260225_144327/manifest.tsv,cufft_gpu,throughput,n262144_b128,262144,128,1,compute,1,1.584845,0.0,1.585238,0.0,0.0,0.0,512.0,1905.485583,1905.012491,avx512_phys,29.817896,101.28,avx512_phys,30.131257,100.22,18.81403616706161,19.008306635402114,18.814392574668187,19.007402673920257,True,True
20260225_144327,/home/nikhil/workspace/xeon-fft-bench/src/gpu/latest_run/64k_batch/20260225_144327/manifest.tsv,cufft_gpu,throughput,n262144_b256,262144,256,1,compute,1,3.160269,0.0,3.162875,0.0,0.0,0.0,1024.0,1911.1658450000002,1909.590934,avx512_phys,59.29485,101.86,avx512_phys,62.518863,96.61,18.762672737090124,19.76597592381741,18.762595842315953,19.76646658498992,True,True
20260225_144327,/home/nikhil/workspace/xeon-fft-bench/src/gpu/latest_run/64k_batch/20260225_144327/manifest.tsv,cufft_gpu,throughput,n262144_b512,262144,512,1,compute,1,6.31664,0.0,6.316406,0.0,0.0,0.0,2048.0,1912.345067,1912.4158649999997,avx512_phys,119.548361,101.04,avx512_phys,122.79699,98.37,18.926613885589862,19.441047727965838,18.92594179817118,19.44095898838675,True,True
20260225_144327,/home/nikhil/workspace/xeon-fft-bench/src/gpu/latest_run/64k_batch/20260225_144327/manifest.tsv,cufft_gpu,throughput,n524288_b1,524288,1,1,compute,1,0.027534,0.0,0.027443,0.0,0.0,0.0,8.0,1808.913847,1814.9253499999998,avx512_logical,0.264666,188.19,avx512_logical,0.263974,188.68,9.61216774004995,9.619065878736484,9.612333841795598,9.618992092701236,True,True
20260225_144327,/home/nikhil/workspace/xeon-fft-bench/src/gpu/latest_run/64k_batch/20260225_144327/manifest.tsv,cufft_gpu,throughput,n524288_b2,524288,2,1,compute,1,0.059792,0.0,0.060314,0.0,0.0,0.0,16.0,1666.0208709999997,1651.612895,avx512_phys,4.639862,21.47,avx512_phys,4.51476,22.06,77.59761858407079,74.86912488667271,77.60004682900723,74.85426269191233,True,True
20260225_144327,/home/nikhil/workspace/xeon-fft-bench/src/gpu/latest_run/64k_batch/20260225_144327/manifest.tsv,cufft_gpu,throughput,n524288_b4,524288,4,1,compute,1,0.118618,0.0,0.118067,0.0,0.0,0.0,32.0,1679.594341,1687.42404,avx512_phys,1.54292,129.12,avx512_phys,1.506973,132.21,13.008010695477076,12.76321034717495,13.007469355409803,12.763710435600125,True,True
20260225_144327,/home/nikhil/workspace/xeon-fft-bench/src/gpu/latest_run/64k_batch/20260225_144327/manifest.tsv,cufft_gpu,throughput,n524288_b8,524288,8,1,compute,1,0.223016,0.0,0.222816,0.0,0.0,0.0,64.0,1786.68293,1788.286735,avx512_phys,3.422603,116.42,avx512_phys,3.405727,117.0,15.346872788180724,15.284502008547008,15.346894393227393,15.28493016659486,True,True
20260225_144327,/home/nikhil/workspace/xeon-fft-bench/src/gpu/latest_run/64k_batch/20260225_144327/manifest.tsv,cufft_gpu,throughput,n524288_b16,524288,16,1,compute,1,0.433098,0.0,0.433254,0.0,0.0,0.0,128.0,1840.041963,1839.376098,avx512_phys,6.886667,115.72,avx512_phys,6.890699,115.65,15.90081198582786,15.904678754863813,15.900943897224186,15.90452482839166,True,True
20260225_144327,/home/nikhil/workspace/xeon-fft-bench/src/gpu/latest_run/64k_batch/20260225_144327/manifest.tsv,cufft_gpu,throughput,n524288_b32,524288,32,1,compute,1,0.801536,0.0,0.80169,0.0,0.0,0.0,256.0,1988.4765549999997,1988.0954809999998,avx512_phys,13.731324,116.07,avx512_phys,13.845245,115.12,17.131701171706727,17.269766165740094,17.131262975087832,17.270073220322068,True,True
20260225_144327,/home/nikhil/workspace/xeon-fft-bench/src/gpu/latest_run/64k_batch/20260225_144327/manifest.tsv,cufft_gpu,throughput,n524288_b64,524288,64,1,compute,1,1.590221,0.0,1.590067,0.0,0.0,0.0,512.0,2004.5461450000003,2004.7398299999998,avx512_logical,27.410943,116.29,avx512_phys,27.794795,114.69,17.237476524206727,17.47963928851687,17.23719093132338,17.480266554805553,True,True
20260225_144327,/home/nikhil/workspace/xeon-fft-bench/src/gpu/latest_run/64k_batch/20260225_144327/manifest.tsv,cufft_gpu,throughput,n524288_b128,524288,128,1,compute,1,3.167334,0.0,3.166707,0.0,0.0,0.0,1024.0,2012.8415079999997,2013.240132,avx512_phys,53.444525,119.29,avx512_phys,57.942292,110.03,16.873514192304466,18.297192874670543,16.87366251869869,18.297332844497454,True,True
20260225_144327,/home/nikhil/workspace/xeon-fft-bench/src/gpu/latest_run/64k_batch/20260225_144327/manifest.tsv,cufft_gpu,throughput,n524288_b256,524288,256,1,compute,1,6.32048,0.0,6.31977,0.0,0.0,0.0,2048.0,2017.3601099999998,2017.5868469999998,avx512_phys,113.883762,111.96,avx512_phys,113.11881,112.72,18.01857904608789,17.89910261710433,18.018214122978,17.899197280913704,True,True
20260225_144327,/home/nikhil/workspace/xeon-fft-bench/src/gpu/latest_run/64k_batch/20260225_144327/manifest.tsv,cufft_gpu,throughput,n1048576_b1,1048576,1,1,compute,1,0.06399,0.0,0.063846,0.0,0.0,0.0,16.0,1638.64574,1642.3416870000003,avx512_logical,0.540449,194.02,avx512_logical,0.523498,200.3,8.445756829192867,8.199409321018473,8.445835286763556,8.199386022616922,True,True
20260225_144327,/home/nikhil/workspace/xeon-fft-bench/src/gpu/latest_run/64k_batch/20260225_144327/manifest.tsv,cufft_gpu,throughput,n1048576_b2,1048576,2,1,compute,1,0.124774,0.0,0.124058,0.0,0.0,0.0,32.0,1680.755075,1690.466325,avx512_phys,11.515659,18.21,avx512_phys,11.42718,18.35,92.29846650192202,92.12350544959128,92.29213618221745,92.11159296458108,True,True
20260225_144327,/home/nikhil/workspace/xeon-fft-bench/src/gpu/latest_run/64k_batch/20260225_144327/manifest.tsv,cufft_gpu,throughput,n1048576_b4,1048576,4,1,compute,1,0.231422,0.0,0.233626,0.0,0.0,0.0,64.0,1812.401907,1795.310082,avx512_logical,3.561238,117.78,avx512_logical,3.523887,119.02,15.388027738155882,15.084104200974627,15.388502389574025,15.083453896398519,True,True
20260225_144327,/home/nikhil/workspace/xeon-fft-bench/src/gpu/latest_run/64k_batch/20260225_144327/manifest.tsv,cufft_gpu,throughput,n1048576_b8,1048576,8,1,compute,1,0.442312,0.0,0.442008,0.0,0.0,0.0,128.0,1896.536372,1897.840684,avx512_logical,6.922788,121.17,avx512_logical,6.961266,120.5,15.651864091771891,15.749715219917013,15.651368264935158,15.749185535103438,True,True
20260225_144327,/home/nikhil/workspace/xeon-fft-bench/src/gpu/latest_run/64k_batch/20260225_144327/manifest.tsv,cufft_gpu,throughput,n1048576_b16,1048576,16,1,compute,1,0.81664,0.0,0.816589,0.0,0.0,0.0,256.0,2054.420074,2054.548917,avx512_logical,13.777727,121.77,avx512_logical,13.960317,120.18,16.871315381456846,17.095597578632052,16.871237019984324,17.09589156846345,True,True
20260225_144327,/home/nikhil/workspace/xeon-fft-bench/src/gpu/latest_run/64k_batch/20260225_144327/manifest.tsv,cufft_gpu,throughput,n1048576_b32,1048576,32,1,compute,1,1.611048,0.0,1.607322,0.0,0.0,0.0,512.0,2082.770553,2087.5992129999995,avx512_phys,29.319809,114.44,avx512_logical,28.168996,119.12,18.19967278049633,17.525178080926793,18.19921504511349,17.525421788540193,True,True
20260225_144327,/home/nikhil/workspace/xeon-fft-bench/src/gpu/latest_run/64k_batch/20260225_144327/manifest.tsv,cufft_gpu,throughput,n1048576_b64,1048576,64,1,compute,1,3.190672,0.0,3.190733,0.0,0.0,0.0,1024.0,2103.2831220000003,2103.243015,avx512_logical,54.15936,123.91,avx512_logical,59.80885,112.21,16.974280703736586,18.743810845735677,16.974280026276595,18.744548666403613,True,True
20260225_144327,/home/nikhil/workspace/xeon-fft-bench/src/gpu/latest_run/64k_batch/20260225_144327/manifest.tsv,cufft_gpu,throughput,n1048576_b128,1048576,128,1,compute,1,6.352077,0.0,6.351974,0.0,0.0,0.0,2048.0,2112.973975,2113.007983,avx512_logical,113.847815,117.89,avx512_logical,117.259874,114.46,17.923267240648062,18.460667333566313,17.922927414135565,18.460383181669194,True,True
20260225_144327,/home/nikhil/workspace/xeon-fft-bench/src/gpu/latest_run/64k_batch/20260225_144327/manifest.tsv,cufft_gpu,throughput,n2097152_b1,2097152,1,1,compute,1,0.127027,0.0,0.127386,0.0,0.0,0.0,32.0,1733.494536,1728.617304,avx512_logical,1.368031,160.96,avx512_logical,1.373652,160.3,10.769722514910535,10.783638827199002,10.769608036086817,10.783382789317509,True,True
20260225_144327,/home/nikhil/workspace/xeon-fft-bench/src/gpu/latest_run/64k_batch/20260225_144327/manifest.tsv,cufft_gpu,throughput,n2097152_b2,2097152,2,1,compute,1,0.236749,0.0,0.238126,0.0,0.0,0.0,64.0,1860.2076850000003,1849.446031,avx512_phys,26.086464,16.88,avx512_phys,25.928964,16.98,110.20187707345974,108.91908309776207,110.18616340512526,108.88758052459622,True,True
20260225_144327,/home/nikhil/workspace/xeon-fft-bench/src/gpu/latest_run/64k_batch/20260225_144327/manifest.tsv,cufft_gpu,throughput,n2097152_b4,2097152,4,1,compute,1,0.454195,0.0,0.454195,0.0,0.0,0.0,128.0,1939.262709,1939.262709,avx512_logical,7.169362,122.86,avx512_logical,7.144084,123.29,15.78432939117695,15.729278197745154,15.784766454936754,15.729111945309834,True,True
20260225_144327,/home/nikhil/workspace/xeon-fft-bench/src/gpu/latest_run/64k_batch/20260225_144327/manifest.tsv,cufft_gpu,throughput,n2097152_b8,2097152,8,1,compute,1,0.838242,0.0,0.840195,0.0,0.0,0.0,256.0,2101.551305,2096.664827,avx512_logical,14.423403,122.14,avx512_logical,14.574156,120.87,17.20608568036679,17.34644516422603,17.206729083009442,17.346158927391855,True,True
20260225_144327,/home/nikhil/workspace/xeon-fft-bench/src/gpu/latest_run/64k_batch/20260225_144327/manifest.tsv,cufft_gpu,throughput,n2097152_b16,2097152,16,1,compute,1,1.649608,0.0,1.649138,0.0,0.0,0.0,512.0,2135.789397,2136.398547,avx512_logical,28.645679,122.99,avx512_logical,32.35932,108.88,17.365553272623792,19.62158841844232,17.365143112788008,19.621960078538,True,True
20260225_144327,/home/nikhil/workspace/xeon-fft-bench/src/gpu/latest_run/64k_batch/20260225_144327/manifest.tsv,cufft_gpu,throughput,n2097152_b32,2097152,32,1,compute,1,3.280883,0.0,3.278643,0.0,0.0,0.0,1024.0,2147.7238490000004,2149.191188,avx512_logical,58.949842,119.53,avx512_logical,63.132633,111.61,17.96807369697984,19.256260084221843,17.967675775088594,19.255720430678178,True,True
20260225_144327,/home/nikhil/workspace/xeon-fft-bench/src/gpu/latest_run/64k_batch/20260225_144327/manifest.tsv,cufft_gpu,throughput,n2097152_b64,2097152,64,1,compute,1,6.527539,0.0,6.527685,0.0,0.0,0.0,2048.0,2158.985386,2158.937189,avx512_logical,127.975679,110.12,avx512_logical,126.862602,111.09,19.605751779876496,19.43412718516518,19.605502012320418,19.434547163351173,True,True
20260225_144327,/home/nikhil/workspace/xeon-fft-bench/src/gpu/latest_run/64k_batch/20260225_144327/manifest.tsv,cufft_gpu,throughput,n4194304_b1,4194304,1,1,compute,1,0.260699,0.0,0.259533,0.0,0.0,0.0,64.0,1769.7539500000003,1777.707571,avx512_logical,3.552436,129.88,avx512_logical,3.589912,128.52,13.626069833692641,13.832147300031123,13.626580846109881,13.832198602875163,True,True
20260225_144327,/home/nikhil/workspace/xeon-fft-bench/src/gpu/latest_run/64k_batch/20260225_144327/manifest.tsv,cufft_gpu,throughput,n4194304_b2,4194304,2,1,compute,1,0.509952,0.0,0.510872,0.0,0.0,0.0,128.0,1809.477838,1806.219389,avx512_phys,57.408741,16.07,avx512_phys,57.35528,16.09,112.59974100808961,112.25726469857055,112.57675428275603,112.26937471617157,True,True
20260225_144327,/home/nikhil/workspace/xeon-fft-bench/src/gpu/latest_run/64k_batch/20260225_144327/manifest.tsv,cufft_gpu,throughput,n4194304_b4,4194304,4,1,compute,1,0.949606,0.0,0.949494,0.0,0.0,0.0,256.0,1943.430166,1943.659525,avx512_logical,15.736337,117.28,avx512_logical,15.663217,117.82,16.570857486357436,16.49685558479036,16.5714380490435,16.49638333680887,True,True
20260225_144327,/home/nikhil/workspace/xeon-fft-bench/src/gpu/latest_run/64k_batch/20260225_144327/manifest.tsv,cufft_gpu,throughput,n4194304_b8,4194304,8,1,compute,1,1.879437,0.0,1.877965,0.0,0.0,0.0,512.0,1963.879484,1965.418923,avx512_logical,32.020469,115.27,avx512_logical,31.473481,117.27,17.03721249240913,16.759775927347146,17.03726647927012,16.759354407563507,True,True
20260225_144327,/home/nikhil/workspace/xeon-fft-bench/src/gpu/latest_run/64k_batch/20260225_144327/manifest.tsv,cufft_gpu,throughput,n4194304_b16,4194304,16,1,compute,1,3.721818,0.0,3.726643,0.0,0.0,0.0,1024.0,1983.4326869999998,1980.864361,avx512_logical,64.907757,113.73,avx512_logical,66.32547,111.3,17.43983721973094,17.797523459119496,17.43979877575959,17.797645226548397,True,True
20260225_144327,/home/nikhil/workspace/xeon-fft-bench/src/gpu/latest_run/64k_batch/20260225_144327/manifest.tsv,cufft_gpu,throughput,n4194304_b32,4194304,32,1,compute,1,7.438182,0.0,7.379302,0.0,0.0,0.0,2048.0,1984.886891,2000.7244110000001,avx512_logical,133.25421,110.8,avx512_logical,138.235651,106.8,17.914141615523466,18.733374634831463,17.9148896867541,18.732889777380027,True,True
