set_id,manifest,profile_id,workload,case_id,n,batch,threads_field,timing_mode,run_count,fwd_ms_mean,fwd_ms_std,bwd_ms_mean,bwd_ms_std,fwd_gflops_mean,fwd_gflops_std,bwd_gflops_mean,bwd_gflops_std,mem_mb_mean
32_to_4194304,/home/nikhil/workspace/xeon-fft-bench/src/gpu/fft_logs/fft_benchmark_gpu_5run_32_to_4194304.manifest.txt,cufft_gpu,throughput,n1024_b1,1024,1,1,e2e,5,0.0132832,0.0017583262495907857,0.014782800000000002,0.0018803727555992715,3.9210646,0.628858537922719,3.5027828,0.3865703453896845,0.02
32_to_4194304,/home/nikhil/workspace/xeon-fft-bench/src/gpu/fft_logs/fft_benchmark_gpu_5run_32_to_4194304.manifest.txt,cufft_gpu,throughput,n1024_b16,1024,16,1,e2e,5,0.028572999999999998,0.0029638348469508205,0.026834000000000004,0.0032385993886246563,28.932871999999996,3.1627593399071636,30.8732274,3.574528673458054,0.25
32_to_4194304,/home/nikhil/workspace/xeon-fft-bench/src/gpu/fft_logs/fft_benchmark_gpu_5run_32_to_4194304.manifest.txt,cufft_gpu,throughput,n1024_b4,1024,4,1,e2e,5,0.020648800000000002,0.003162224723197261,0.020774800000000003,0.0032319017157085685,10.1202568,1.6503921821281449,10.0645308,1.6587534027965698,0.06
32_to_4194304,/home/nikhil/workspace/xeon-fft-bench/src/gpu/fft_logs/fft_benchmark_gpu_5run_32_to_4194304.manifest.txt,cufft_gpu,throughput,n1048576_b1,1048576,1,1,e2e,5,0.7080339999999999,0.005191706270581952,0.7035774,0.0008807382130916918,148.1031504,1.0837966599919913,149.035132,0.18638797276514238,16.0
32_to_4194304,/home/nikhil/workspace/xeon-fft-bench/src/gpu/fft_logs/fft_benchmark_gpu_5run_32_to_4194304.manifest.txt,cufft_gpu,throughput,n1048576_b16,1048576,16,1,e2e,5,11.198486800000001,0.035963359335579335,11.210939,0.05305400794002284,149.818043,0.47961105005149823,149.653087,0.7076258827250979,256.0
32_to_4194304,/home/nikhil/workspace/xeon-fft-bench/src/gpu/fft_logs/fft_benchmark_gpu_5run_32_to_4194304.manifest.txt,cufft_gpu,throughput,n1048576_b4,1048576,4,1,e2e,5,2.7736188,0.009608092432944311,2.7772214,0.013155637263165841,151.2228018,0.5228909938316043,151.0279022,0.7153981284548554,64.0
32_to_4194304,/home/nikhil/workspace/xeon-fft-bench/src/gpu/fft_logs/fft_benchmark_gpu_5run_32_to_4194304.manifest.txt,cufft_gpu,throughput,n128_b1,128,1,1,e2e,5,0.0120846,0.001681070284074999,0.012820599999999998,0.00015961923442993893,0.3779022,0.06452288480996489,0.3494846,0.004390286072683654,0.0
32_to_4194304,/home/nikhil/workspace/xeon-fft-bench/src/gpu/fft_logs/fft_benchmark_gpu_5run_32_to_4194304.manifest.txt,cufft_gpu,throughput,n128_b16,128,16,1,e2e,5,0.014880599999999999,0.0039043451819735396,0.0178526,0.0030924924090448467,5.084495,1.2951053065067724,4.108757,0.6768765250136098,0.03
32_to_4194304,/home/nikhil/workspace/xeon-fft-bench/src/gpu/fft_logs/fft_benchmark_gpu_5run_32_to_4194304.manifest.txt,cufft_gpu,throughput,n128_b4,128,4,1,e2e,5,0.0130364,0.002181848367783609,0.0125588,0.0017894746994579166,1.414874,0.3010469591068808,1.4538655999999999,0.23747012722298355,0.01
32_to_4194304,/home/nikhil/workspace/xeon-fft-bench/src/gpu/fft_logs/fft_benchmark_gpu_5run_32_to_4194304.manifest.txt,cufft_gpu,throughput,n131072_b1,131072,1,1,e2e,5,0.10390060000000001,0.001817587356910252,0.103338,0.0004824453336907704,107.25409400000001,1.833466866626585,107.814375,0.5015207895591166,2.0
32_to_4194304,/home/nikhil/workspace/xeon-fft-bench/src/gpu/fft_logs/fft_benchmark_gpu_5run_32_to_4194304.manifest.txt,cufft_gpu,throughput,n131072_b16,131072,16,1,e2e,5,1.3939131999999999,0.0006314251341212699,1.3775372,0.0011743337259910594,127.8831276,0.05796127259903553,129.4034128,0.11034418276556476,32.0
32_to_4194304,/home/nikhil/workspace/xeon-fft-bench/src/gpu/fft_logs/fft_benchmark_gpu_5run_32_to_4194304.manifest.txt,cufft_gpu,throughput,n131072_b4,131072,4,1,e2e,5,0.3658006,0.0014425265335514701,0.3532118,0.001143665029630589,121.8287538,0.4822155307356831,126.1703282,0.40873604541770264,8.0
32_to_4194304,/home/nikhil/workspace/xeon-fft-bench/src/gpu/fft_logs/fft_benchmark_gpu_5run_32_to_4194304.manifest.txt,cufft_gpu,throughput,n16384_b1,16384,1,1,e2e,5,0.0345352,0.0018073734257203163,0.0348374,0.0016840769875513398,33.2825024,1.7524742396778072,32.9836004,1.6213609964052735,0.25
32_to_4194304,/home/nikhil/workspace/xeon-fft-bench/src/gpu/fft_logs/fft_benchmark_gpu_5run_32_to_4194304.manifest.txt,cufft_gpu,throughput,n16384_b16,16384,16,1,e2e,5,0.1913192,0.004275366323486213,0.186117,0.0003713421602780897,95.9524768,2.189066283091998,98.59457660000001,0.19658965935623815,4.0
32_to_4194304,/home/nikhil/workspace/xeon-fft-bench/src/gpu/fft_logs/fft_benchmark_gpu_5run_32_to_4194304.manifest.txt,cufft_gpu,throughput,n16384_b4,16384,4,1,e2e,5,0.06511059999999999,0.0003225403850682859,0.064466,0.0009249240509360729,70.4585968,0.3487981114695164,71.173648,1.0197505567186536,1.0
32_to_4194304,/home/nikhil/workspace/xeon-fft-bench/src/gpu/fft_logs/fft_benchmark_gpu_5run_32_to_4194304.manifest.txt,cufft_gpu,throughput,n2048_b1,2048,1,1,e2e,5,0.018585,0.002948951169483823,0.018951000000000003,0.002572656895118352,6.1783804,0.9254392938784802,6.0374368,0.8627969738647673,0.03
32_to_4194304,/home/nikhil/workspace/xeon-fft-bench/src/gpu/fft_logs/fft_benchmark_gpu_5run_32_to_4194304.manifest.txt,cufft_gpu,throughput,n2048_b16,2048,16,1,e2e,5,0.039593,0.0008052369216572206,0.0370696,0.0005466171420656328,45.5343682,0.9321222132283419,48.6258374,0.7044418919270768,0.5
32_to_4194304,/home/nikhil/workspace/xeon-fft-bench/src/gpu/fft_logs/fft_benchmark_gpu_5run_32_to_4194304.manifest.txt,cufft_gpu,throughput,n2048_b4,2048,4,1,e2e,5,0.0248914,0.0025228931408206715,0.0200992,0.003184677958601153,18.2338362,1.6366892543399008,22.849487,3.414953331321527,0.12
32_to_4194304,/home/nikhil/workspace/xeon-fft-bench/src/gpu/fft_logs/fft_benchmark_gpu_5run_32_to_4194304.manifest.txt,cufft_gpu,throughput,n2097152_b1,2097152,1,1,e2e,5,1.3912222,0.00279299502326805,1.392567,0.002203297074840274,158.2792718,0.31709704061800864,158.12624979999998,0.2501371736142037,32.0
32_to_4194304,/home/nikhil/workspace/xeon-fft-bench/src/gpu/fft_logs/fft_benchmark_gpu_5run_32_to_4194304.manifest.txt,cufft_gpu,throughput,n2097152_b16,2097152,16,1,e2e,5,22.307297600000002,0.054998138534863295,22.3629966,0.02670216593836672,157.9408024,0.3894218076068678,157.5468376,0.1882312554593498,512.0
32_to_4194304,/home/nikhil/workspace/xeon-fft-bench/src/gpu/fft_logs/fft_benchmark_gpu_5run_32_to_4194304.manifest.txt,cufft_gpu,throughput,n2097152_b4,2097152,4,1,e2e,5,5.5592472,0.045396426238196196,5.5413994,0.04869160489550514,158.4477742,1.2812433269883603,158.9594242,1.3815441667240242,128.0
32_to_4194304,/home/nikhil/workspace/xeon-fft-bench/src/gpu/fft_logs/fft_benchmark_gpu_5run_32_to_4194304.manifest.txt,cufft_gpu,throughput,n256_b1,256,1,1,e2e,5,0.013649600000000001,0.00023424517070795705,0.0129166,0.0013552277668347859,0.750382,0.012887202916071433,0.8007446,0.09517959338166983,0.0
32_to_4194304,/home/nikhil/workspace/xeon-fft-bench/src/gpu/fft_logs/fft_benchmark_gpu_5run_32_to_4194304.manifest.txt,cufft_gpu,throughput,n256_b16,256,16,1,e2e,5,0.017099800000000002,0.0003432013985985493,0.0180336,0.002872608622837438,9.5845328,0.19655850423906845,9.2451512,1.2594956116236373,0.06
32_to_4194304,/home/nikhil/workspace/xeon-fft-bench/src/gpu/fft_logs/fft_benchmark_gpu_5run_32_to_4194304.manifest.txt,cufft_gpu,throughput,n256_b4,256,4,1,e2e,5,0.012759399999999999,0.0015906370736280474,0.013206400000000002,0.0016795890271134781,3.2582056,0.48192006658915953,3.1492204,0.4697708875981993,0.02
32_to_4194304,/home/nikhil/workspace/xeon-fft-bench/src/gpu/fft_logs/fft_benchmark_gpu_5run_32_to_4194304.manifest.txt,cufft_gpu,throughput,n262144_b1,262144,1,1,e2e,5,0.1938012,0.00165501441081339,0.1874492,0.0010417930216698606,121.7452376,1.0452781126916915,125.86649299999999,0.6996364321056331,4.0
32_to_4194304,/home/nikhil/workspace/xeon-fft-bench/src/gpu/fft_logs/fft_benchmark_gpu_5run_32_to_4194304.manifest.txt,cufft_gpu,throughput,n262144_b16,262144,16,1,e2e,5,2.7868687999999997,0.04818767011072438,2.7700118,0.04505602237437305,135.484521,2.339571538626571,136.30512819999998,2.2045415455451787,64.0
32_to_4194304,/home/nikhil/workspace/xeon-fft-bench/src/gpu/fft_logs/fft_benchmark_gpu_5run_32_to_4194304.manifest.txt,cufft_gpu,throughput,n262144_b4,262144,4,1,e2e,5,0.7128912,0.0015292618153867584,0.698426,0.0007357377250080047,132.3795098,0.2838175333593741,135.1208778,0.1424376805754001,16.0
32_to_4194304,/home/nikhil/workspace/xeon-fft-bench/src/gpu/fft_logs/fft_benchmark_gpu_5run_32_to_4194304.manifest.txt,cufft_gpu,throughput,n32768_b1,32768,1,1,e2e,5,0.0422784,0.0023320281516311086,0.0437948,0.0010094123042642174,58.27877600000001,3.3966049706852157,56.1401766,1.3032446818912413,0.5
32_to_4194304,/home/nikhil/workspace/xeon-fft-bench/src/gpu/fft_logs/fft_benchmark_gpu_5run_32_to_4194304.manifest.txt,cufft_gpu,throughput,n32768_b16,32768,16,1,e2e,5,0.3651468,0.0041012618424090125,0.3559288,0.0005542893648627942,107.698097,1.2266380368790522,110.476191,0.1720500612975759,8.0
32_to_4194304,/home/nikhil/workspace/xeon-fft-bench/src/gpu/fft_logs/fft_benchmark_gpu_5run_32_to_4194304.manifest.txt,cufft_gpu,throughput,n32768_b4,32768,4,1,e2e,5,0.1042078,0.0017308062283225053,0.10227699999999999,0.00045204479866491434,94.35509379999999,1.534855173435824,96.11713560000001,0.42318918528573707,2.0
32_to_4194304,/home/nikhil/workspace/xeon-fft-bench/src/gpu/fft_logs/fft_benchmark_gpu_5run_32_to_4194304.manifest.txt,cufft_gpu,throughput,n32_b1,32,1,1,e2e,5,0.0107978,0.0021357665368667983,0.0102886,0.0023003782949767198,0.0767468,0.01689511301234768,0.0808696,0.017504094443872267,0.0
32_to_4194304,/home/nikhil/workspace/xeon-fft-bench/src/gpu/fft_logs/fft_benchmark_gpu_5run_32_to_4194304.manifest.txt,cufft_gpu,throughput,n32_b16,32,16,1,e2e,5,0.0119978,0.00229888107565398,0.0121028,0.0020827999663913964,1.101656,0.22698807473962151,1.084525,0.1959141650276978,0.01
32_to_4194304,/home/nikhil/workspace/xeon-fft-bench/src/gpu/fft_logs/fft_benchmark_gpu_5run_32_to_4194304.manifest.txt,cufft_gpu,throughput,n32_b4,32,4,1,e2e,5,0.010668,0.0020014540964009143,0.012059400000000001,0.0021494774481254746,0.30824100000000004,0.0552280197318354,0.2744114,0.0636336623399911,0.0
32_to_4194304,/home/nikhil/workspace/xeon-fft-bench/src/gpu/fft_logs/fft_benchmark_gpu_5run_32_to_4194304.manifest.txt,cufft_gpu,throughput,n4096_b1,4096,1,1,e2e,5,0.0186888,0.0021773942454227256,0.020963,0.0032381448392559587,13.2780782,1.3742607053640519,11.9651082,1.9550444761400443,0.06
32_to_4194304,/home/nikhil/workspace/xeon-fft-bench/src/gpu/fft_logs/fft_benchmark_gpu_5run_32_to_4194304.manifest.txt,cufft_gpu,throughput,n4096_b16,4096,16,1,e2e,5,0.059982400000000005,0.00016880995231324466,0.0584206,0.0016381556092142139,65.5552956,0.18445858408949473,67.3512308,1.9320224034741917,1.0
32_to_4194304,/home/nikhil/workspace/xeon-fft-bench/src/gpu/fft_logs/fft_benchmark_gpu_5run_32_to_4194304.manifest.txt,cufft_gpu,throughput,n4096_b4,4096,4,1,e2e,5,0.0294122,0.002756658974193217,0.028127000000000003,0.003355994263999866,33.693651599999995,3.611073460323093,35.37044,4.405314954719979,0.25
32_to_4194304,/home/nikhil/workspace/xeon-fft-bench/src/gpu/fft_logs/fft_benchmark_gpu_5run_32_to_4194304.manifest.txt,cufft_gpu,throughput,n4194304_b1,4194304,1,1,e2e,5,2.826408,0.06259516424213617,2.8245134,0.046547514754281,163.3001168,3.581150749615293,163.38162219999998,2.6888331628568314,64.0
32_to_4194304,/home/nikhil/workspace/xeon-fft-bench/src/gpu/fft_logs/fft_benchmark_gpu_5run_32_to_4194304.manifest.txt,cufft_gpu,throughput,n4194304_b16,4194304,16,1,e2e,5,45.1127294,0.22793406029880675,45.329183,0.32728828630276413,163.6373094,0.8260716900652834,162.85935560000001,1.170794568562011,1024.0
32_to_4194304,/home/nikhil/workspace/xeon-fft-bench/src/gpu/fft_logs/fft_benchmark_gpu_5run_32_to_4194304.manifest.txt,cufft_gpu,throughput,n4194304_b4,4194304,4,1,e2e,5,11.261227,0.12396959461093701,11.264791599999999,0.109104681995321,163.896425,1.8261252875239726,163.8408146,1.5909930011910176,256.0
32_to_4194304,/home/nikhil/workspace/xeon-fft-bench/src/gpu/fft_logs/fft_benchmark_gpu_5run_32_to_4194304.manifest.txt,cufft_gpu,throughput,n512_b1,512,1,1,e2e,5,0.0123704,0.0015939670009131306,0.013864199999999998,0.0004215129891237036,1.8906326,0.27414380416544154,1.6630504,0.04903300641710638,0.01
32_to_4194304,/home/nikhil/workspace/xeon-fft-bench/src/gpu/fft_logs/fft_benchmark_gpu_5run_32_to_4194304.manifest.txt,cufft_gpu,throughput,n512_b16,512,16,1,e2e,5,0.0190894,0.002339297715127341,0.0198318,0.0030384048775632232,19.5325924,2.259025820167246,18.9257642,2.753100482535227,0.12
32_to_4194304,/home/nikhil/workspace/xeon-fft-bench/src/gpu/fft_logs/fft_benchmark_gpu_5run_32_to_4194304.manifest.txt,cufft_gpu,throughput,n512_b4,512,4,1,e2e,5,0.017716,0.0021148200869104683,0.0170188,0.0016456976332242825,5.2560732,0.5678058840587159,5.4514572,0.4694679863342116,0.03
32_to_4194304,/home/nikhil/workspace/xeon-fft-bench/src/gpu/fft_logs/fft_benchmark_gpu_5run_32_to_4194304.manifest.txt,cufft_gpu,throughput,n524288_b1,524288,1,1,e2e,5,0.3610532,0.005565708643110959,0.3546194,0.0004922588749834885,137.97643499999998,2.125204590262545,140.45317419999998,0.19491316055926983,8.0
32_to_4194304,/home/nikhil/workspace/xeon-fft-bench/src/gpu/fft_logs/fft_benchmark_gpu_5run_32_to_4194304.manifest.txt,cufft_gpu,throughput,n524288_b16,524288,16,1,e2e,5,5.615893,0.00782617492776624,5.625481,0.026938076805888982,141.9042344,0.19784422209987607,141.664733,0.6742470110945907,128.0
32_to_4194304,/home/nikhil/workspace/xeon-fft-bench/src/gpu/fft_logs/fft_benchmark_gpu_5run_32_to_4194304.manifest.txt,cufft_gpu,throughput,n524288_b4,524288,4,1,e2e,5,1.384876,0.0016526021904862671,1.3854182,0.0010186114077507496,143.860997,0.1719256650808774,143.80460720000002,0.10576892625293614,32.0
32_to_4194304,/home/nikhil/workspace/xeon-fft-bench/src/gpu/fft_logs/fft_benchmark_gpu_5run_32_to_4194304.manifest.txt,cufft_gpu,throughput,n64_b1,64,1,1,e2e,5,0.0104256,0.002377893668774952,0.0099214,0.0018360203702573676,0.19187780000000002,0.04258199854046309,0.1988888,0.03648449061176544,0.0
32_to_4194304,/home/nikhil/workspace/xeon-fft-bench/src/gpu/fft_logs/fft_benchmark_gpu_5run_32_to_4194304.manifest.txt,cufft_gpu,throughput,n64_b16,64,16,1,e2e,5,0.0120962,0.002681920990633393,0.012604399999999998,0.0021983634367410683,2.65407,0.6466531457052537,2.5158524,0.5640118365657762,0.02
32_to_4194304,/home/nikhil/workspace/xeon-fft-bench/src/gpu/fft_logs/fft_benchmark_gpu_5run_32_to_4194304.manifest.txt,cufft_gpu,throughput,n64_b4,64,4,1,e2e,5,0.0105962,0.00219673250533605,0.010725799999999999,0.00200679911799861,0.749817,0.15204784051738457,0.7352284,0.129014318099969,0.0
32_to_4194304,/home/nikhil/workspace/xeon-fft-bench/src/gpu/fft_logs/fft_benchmark_gpu_5run_32_to_4194304.manifest.txt,cufft_gpu,throughput,n65536_b1,65536,1,1,e2e,5,0.061397999999999994,0.0008161816587010515,0.060749,0.0013397430723836577,85.40369000000001,1.1370774748219639,86.3379814,1.9375155520269514,1.0
32_to_4194304,/home/nikhil/workspace/xeon-fft-bench/src/gpu/fft_logs/fft_benchmark_gpu_5run_32_to_4194304.manifest.txt,cufft_gpu,throughput,n65536_b16,65536,16,1,e2e,5,0.7165587999999999,0.0027818076317387224,0.698596,0.001552584136206485,117.069392,0.45519640269228645,120.0785472,0.266570117100923,16.0
32_to_4194304,/home/nikhil/workspace/xeon-fft-bench/src/gpu/fft_logs/fft_benchmark_gpu_5run_32_to_4194304.manifest.txt,cufft_gpu,throughput,n65536_b4,65536,4,1,e2e,5,0.1911718,0.0016480357095645776,0.18418299999999999,0.0003069267013473984,109.7064192,0.954127866109775,113.86263699999999,0.18965826700805943,4.0
32_to_4194304,/home/nikhil/workspace/xeon-fft-bench/src/gpu/fft_logs/fft_benchmark_gpu_5run_32_to_4194304.manifest.txt,cufft_gpu,throughput,n8192_b1,8192,1,1,e2e,5,0.026447200000000004,0.0030760795991001274,0.026334599999999996,0.002780855497863922,20.324563599999998,2.053206135023904,20.379165399999998,1.8879373234091488,0.12
32_to_4194304,/home/nikhil/workspace/xeon-fft-bench/src/gpu/fft_logs/fft_benchmark_gpu_5run_32_to_4194304.manifest.txt,cufft_gpu,throughput,n8192_b16,8192,16,1,e2e,5,0.1041784,0.0014506989005303715,0.10204519999999999,0.000736008627666824,81.7920432,1.117944476412493,83.4928406,0.6061805906430027,2.0
32_to_4194304,/home/nikhil/workspace/xeon-fft-bench/src/gpu/fft_logs/fft_benchmark_gpu_5run_32_to_4194304.manifest.txt,cufft_gpu,throughput,n8192_b4,8192,4,1,e2e,5,0.0431548,0.0012191077474940442,0.042454000000000006,0.0023896237151484773,49.3873568,1.4208531439394798,50.2950958,2.7794377317857317,0.5
32_to_4194304,/home/nikhil/workspace/xeon-fft-bench/src/gpu/fft_logs/fft_benchmark_gpu_5run_32_to_4194304.manifest.txt,cufft_gpu_batch_scaling,batch_scaling,n16384_b16_t1,16384,16,1,e2e,5,0.1915352,0.0006320104429517038,0.18712979999999999,0.001229173584161332,95.8061758,0.31651185079819993,98.0640084,0.6407292730360421,4.0
32_to_4194304,/home/nikhil/workspace/xeon-fft-bench/src/gpu/fft_logs/fft_benchmark_gpu_5run_32_to_4194304.manifest.txt,cufft_gpu_batch_scaling,batch_scaling,n16384_b1_t1,16384,1,1,e2e,5,0.034859600000000004,0.0014648688678513162,0.0333744,0.0031249184469358537,32.9473396,1.4065682183432466,34.615448,3.364995907351297,0.25
32_to_4194304,/home/nikhil/workspace/xeon-fft-bench/src/gpu/fft_logs/fft_benchmark_gpu_5run_32_to_4194304.manifest.txt,cufft_gpu_batch_scaling,batch_scaling,n16384_b256_t1,16384,256,1,e2e,5,2.6885915999999996,0.025558933033286088,2.664237,0.01875629602293582,109.21043979999999,1.0254626132710558,110.20521020000001,0.7686297374996007,64.0
32_to_4194304,/home/nikhil/workspace/xeon-fft-bench/src/gpu/fft_logs/fft_benchmark_gpu_5run_32_to_4194304.manifest.txt,cufft_gpu_batch_scaling,batch_scaling,n16384_b4_t1,16384,4,1,e2e,5,0.0645162,0.0005092879342768681,0.06408559999999999,0.0023012349510643194,71.110079,0.5628414358227345,71.66096660000001,2.6771766643474106,1.0
32_to_4194304,/home/nikhil/workspace/xeon-fft-bench/src/gpu/fft_logs/fft_benchmark_gpu_5run_32_to_4194304.manifest.txt,cufft_gpu_batch_scaling,batch_scaling,n16384_b64_t1,16384,64,1,e2e,5,0.6833427999999999,0.004797618231998049,0.6732982,0.0007902440762194371,107.41781499999999,0.7546265141734014,109.01617900000001,0.1279384638859618,16.0
repeat2_32_to_4194304,/home/nikhil/workspace/xeon-fft-bench/src/gpu/fft_logs/fft_benchmark_gpu_5run_repeat2_32_to_4194304.manifest.txt,cufft_gpu,throughput,n1024_b1,1024,1,1,e2e,5,0.0152354,0.0018775257122074264,0.0133746,0.0010378792318955037,3.3976222,0.37676314698454777,3.8488881999999998,0.3330851058148652,0.02
repeat2_32_to_4194304,/home/nikhil/workspace/xeon-fft-bench/src/gpu/fft_logs/fft_benchmark_gpu_5run_repeat2_32_to_4194304.manifest.txt,cufft_gpu,throughput,n1024_b16,1024,16,1,e2e,5,0.0282638,0.0033745561485919906,0.0263102,0.0025876153500858667,29.333958000000003,3.6619754818484247,31.3564052,2.8003275811693364,0.25
repeat2_32_to_4194304,/home/nikhil/workspace/xeon-fft-bench/src/gpu/fft_logs/fft_benchmark_gpu_5run_repeat2_32_to_4194304.manifest.txt,cufft_gpu,throughput,n1024_b4,1024,4,1,e2e,5,0.0215502,0.0023986887459610095,0.021758,0.0025073237724713574,9.6142116,1.2448628286422962,9.5317312,1.2928386886758918,0.06
repeat2_32_to_4194304,/home/nikhil/workspace/xeon-fft-bench/src/gpu/fft_logs/fft_benchmark_gpu_5run_repeat2_32_to_4194304.manifest.txt,cufft_gpu,throughput,n1048576_b1,1048576,1,1,e2e,5,0.7036892,0.0015131357176406636,0.7037468,0.0005195119825374706,149.0117736,0.32020065955163235,148.999091,0.1099963722788113,16.0
repeat2_32_to_4194304,/home/nikhil/workspace/xeon-fft-bench/src/gpu/fft_logs/fft_benchmark_gpu_5run_repeat2_32_to_4194304.manifest.txt,cufft_gpu,throughput,n1048576_b16,1048576,16,1,e2e,5,11.1768402,0.02140781685973603,11.2303474,0.02538377554265728,150.107412,0.288198959624246,149.3923908,0.3374942975061912,256.0
repeat2_32_to_4194304,/home/nikhil/workspace/xeon-fft-bench/src/gpu/fft_logs/fft_benchmark_gpu_5run_repeat2_32_to_4194304.manifest.txt,cufft_gpu,throughput,n1048576_b4,1048576,4,1,e2e,5,2.7996696,0.02601961641339097,2.7799714,0.011422923259831415,149.8246416,1.3989201190412184,150.87782120000003,0.6182120634472372,64.0
repeat2_32_to_4194304,/home/nikhil/workspace/xeon-fft-bench/src/gpu/fft_logs/fft_benchmark_gpu_5run_repeat2_32_to_4194304.manifest.txt,cufft_gpu,throughput,n128_b1,128,1,1,e2e,5,0.0121674,0.001738526042370376,0.0125524,0.000256672554045032,0.37578639999999996,0.0663931454052299,0.357024,0.007219021678870343,0.0
repeat2_32_to_4194304,/home/nikhil/workspace/xeon-fft-bench/src/gpu/fft_logs/fft_benchmark_gpu_5run_repeat2_32_to_4194304.manifest.txt,cufft_gpu,throughput,n128_b16,128,16,1,e2e,5,0.0180082,0.0029268918155613477,0.0151836,0.0020778927546916378,4.061396,0.6239510930621887,4.809,0.8051687602794829,0.03
repeat2_32_to_4194304,/home/nikhil/workspace/xeon-fft-bench/src/gpu/fft_logs/fft_benchmark_gpu_5run_repeat2_32_to_4194304.manifest.txt,cufft_gpu,throughput,n128_b4,128,4,1,e2e,5,0.014549999999999999,0.0019310081563784238,0.012975200000000001,0.001760673081523086,1.2466012,0.14130935302095182,1.4063126000000001,0.2325353434626659,0.01
repeat2_32_to_4194304,/home/nikhil/workspace/xeon-fft-bench/src/gpu/fft_logs/fft_benchmark_gpu_5run_repeat2_32_to_4194304.manifest.txt,cufft_gpu,throughput,n131072_b1,131072,1,1,e2e,5,0.105959,0.00023578804040917737,0.10297100000000001,0.00045751120204864335,105.14595100000001,0.23397465990144964,108.1985096,0.4799240833593374,2.0
repeat2_32_to_4194304,/home/nikhil/workspace/xeon-fft-bench/src/gpu/fft_logs/fft_benchmark_gpu_5run_repeat2_32_to_4194304.manifest.txt,cufft_gpu,throughput,n131072_b16,131072,16,1,e2e,5,1.3885654,0.009709979212130153,1.3775698,0.0009133171409757731,128.380636,0.9001629626942599,129.4003172,0.08575023072097859,32.0
repeat2_32_to_4194304,/home/nikhil/workspace/xeon-fft-bench/src/gpu/fft_logs/fft_benchmark_gpu_5run_repeat2_32_to_4194304.manifest.txt,cufft_gpu,throughput,n131072_b4,131072,4,1,e2e,5,0.3663238,0.0034757471427018277,0.353313,0.0005577163257427585,121.66206360000001,1.1632360009259948,126.13329760000002,0.1993156109861935,8.0
repeat2_32_to_4194304,/home/nikhil/workspace/xeon-fft-bench/src/gpu/fft_logs/fft_benchmark_gpu_5run_repeat2_32_to_4194304.manifest.txt,cufft_gpu,throughput,n16384_b1,16384,1,1,e2e,5,0.033757999999999996,0.00273173232583282,0.0344924,0.0015899227339716859,34.1628216,2.928026399471287,33.3077186,1.5617252241842345,0.25
repeat2_32_to_4194304,/home/nikhil/workspace/xeon-fft-bench/src/gpu/fft_logs/fft_benchmark_gpu_5run_repeat2_32_to_4194304.manifest.txt,cufft_gpu,throughput,n16384_b16,16384,16,1,e2e,5,0.1939916,0.0014479042786040746,0.1860026,0.0011876709561153677,94.5964664,0.7054974042144371,98.6581948,0.6281320347918099,4.0
repeat2_32_to_4194304,/home/nikhil/workspace/xeon-fft-bench/src/gpu/fft_logs/fft_benchmark_gpu_5run_repeat2_32_to_4194304.manifest.txt,cufft_gpu,throughput,n16384_b4,16384,4,1,e2e,5,0.0654864,0.0003847275659476431,0.063904,0.0020273239750962365,70.0549438,0.40943825352817254,71.8470318,2.339070692320504,1.0
repeat2_32_to_4194304,/home/nikhil/workspace/xeon-fft-bench/src/gpu/fft_logs/fft_benchmark_gpu_5run_repeat2_32_to_4194304.manifest.txt,cufft_gpu,throughput,n2048_b1,2048,1,1,e2e,5,0.0208318,0.002368296687495045,0.016367399999999997,0.000150360566638997,5.4736136,0.7319358901029515,6.8824562,0.06362803301768817,0.03
repeat2_32_to_4194304,/home/nikhil/workspace/xeon-fft-bench/src/gpu/fft_logs/fft_benchmark_gpu_5run_repeat2_32_to_4194304.manifest.txt,cufft_gpu,throughput,n2048_b16,2048,16,1,e2e,5,0.0393952,0.0006499363045714601,0.0377094,0.0014365986913539891,45.7577362,0.7602536161312895,47.845760999999996,1.7373624189149472,0.5
repeat2_32_to_4194304,/home/nikhil/workspace/xeon-fft-bench/src/gpu/fft_logs/fft_benchmark_gpu_5run_repeat2_32_to_4194304.manifest.txt,cufft_gpu,throughput,n2048_b4,2048,4,1,e2e,5,0.023105,0.003018992050337331,0.023322199999999998,0.0023213333883783257,19.8191732,3.055585083711907,19.487936400000002,2.1296359134708442,0.12
repeat2_32_to_4194304,/home/nikhil/workspace/xeon-fft-bench/src/gpu/fft_logs/fft_benchmark_gpu_5run_repeat2_32_to_4194304.manifest.txt,cufft_gpu,throughput,n2097152_b1,2097152,1,1,e2e,5,1.3932541999999999,0.003373822787284509,1.3915382,0.0018360650042958252,158.04866239999998,0.38295322423673184,158.2430582,0.20867761294446627,32.0
repeat2_32_to_4194304,/home/nikhil/workspace/xeon-fft-bench/src/gpu/fft_logs/fft_benchmark_gpu_5run_repeat2_32_to_4194304.manifest.txt,cufft_gpu,throughput,n2097152_b16,2097152,16,1,e2e,5,22.321652,0.02721211813696172,22.4405644,0.05842953547051244,157.8386544,0.19244543881916254,157.00293200000002,0.4080242211333775,512.0
repeat2_32_to_4194304,/home/nikhil/workspace/xeon-fft-bench/src/gpu/fft_logs/fft_benchmark_gpu_5run_repeat2_32_to_4194304.manifest.txt,cufft_gpu,throughput,n2097152_b4,2097152,4,1,e2e,5,5.5524462,0.010545435230468187,5.523448,0.015468953891585658,158.63393539999998,0.30133411171538377,159.4673034,0.4451898355182837,128.0
repeat2_32_to_4194304,/home/nikhil/workspace/xeon-fft-bench/src/gpu/fft_logs/fft_benchmark_gpu_5run_repeat2_32_to_4194304.manifest.txt,cufft_gpu,throughput,n256_b1,256,1,1,e2e,5,0.0152748,0.002344987142821896,0.0121402,0.0023379265813964303,0.6827522,0.10089808562455484,0.8713322,0.1808164850274996,0.0
repeat2_32_to_4194304,/home/nikhil/workspace/xeon-fft-bench/src/gpu/fft_logs/fft_benchmark_gpu_5run_repeat2_32_to_4194304.manifest.txt,cufft_gpu,throughput,n256_b16,256,16,1,e2e,5,0.0173868,0.0006271026231806086,0.0174214,0.00028416773215831595,9.4328308,0.3279582838093895,9.4065042,0.15320542047427693,0.06
repeat2_32_to_4194304,/home/nikhil/workspace/xeon-fft-bench/src/gpu/fft_logs/fft_benchmark_gpu_5run_repeat2_32_to_4194304.manifest.txt,cufft_gpu,throughput,n256_b4,256,4,1,e2e,5,0.0130494,0.00184776765314257,0.0124662,0.002035963457432378,3.2021292000000003,0.5585741535872386,3.3636936,0.5982516504802139,0.02
repeat2_32_to_4194304,/home/nikhil/workspace/xeon-fft-bench/src/gpu/fft_logs/fft_benchmark_gpu_5run_repeat2_32_to_4194304.manifest.txt,cufft_gpu,throughput,n262144_b1,262144,1,1,e2e,5,0.1947916,0.0005905262906933085,0.1862102,0.001014980886519534,121.119819,0.36681029496662293,126.70366659999999,0.6896719281464949,4.0
repeat2_32_to_4194304,/home/nikhil/workspace/xeon-fft-bench/src/gpu/fft_logs/fft_benchmark_gpu_5run_repeat2_32_to_4194304.manifest.txt,cufft_gpu,throughput,n262144_b16,262144,16,1,e2e,5,2.8744752,0.0704579800640069,2.8298196,0.06100494303988818,131.3887968,3.308591649616156,133.4466542,2.9219051903652367,64.0
repeat2_32_to_4194304,/home/nikhil/workspace/xeon-fft-bench/src/gpu/fft_logs/fft_benchmark_gpu_5run_repeat2_32_to_4194304.manifest.txt,cufft_gpu,throughput,n262144_b4,262144,4,1,e2e,5,0.7195496,0.00415049422358352,0.6983330000000001,0.00044419140018686924,131.1575846,0.7611630222733385,135.1387578,0.08589726347912532,16.0
repeat2_32_to_4194304,/home/nikhil/workspace/xeon-fft-bench/src/gpu/fft_logs/fft_benchmark_gpu_5run_repeat2_32_to_4194304.manifest.txt,cufft_gpu,throughput,n32768_b1,32768,1,1,e2e,5,0.0437462,0.000927129548660812,0.0397454,0.002365708836691446,56.1987166,1.1901023784640532,61.9984518,3.4602585820835317,0.5
repeat2_32_to_4194304,/home/nikhil/workspace/xeon-fft-bench/src/gpu/fft_logs/fft_benchmark_gpu_5run_repeat2_32_to_4194304.manifest.txt,cufft_gpu,throughput,n32768_b16,32768,16,1,e2e,5,0.3669698,0.005711237624193203,0.3551108,0.0006697127742547486,107.17295240000001,1.674319729493085,110.7307516,0.20882024279819977,8.0
repeat2_32_to_4194304,/home/nikhil/workspace/xeon-fft-bench/src/gpu/fft_logs/fft_benchmark_gpu_5run_repeat2_32_to_4194304.manifest.txt,cufft_gpu,throughput,n32768_b4,32768,4,1,e2e,5,0.1053936,0.000631822997365566,0.1026562,0.0006081884576346337,93.27590380000001,0.5607613066721862,95.76298,0.5654514077628578,2.0
repeat2_32_to_4194304,/home/nikhil/workspace/xeon-fft-bench/src/gpu/fft_logs/fft_benchmark_gpu_5run_repeat2_32_to_4194304.manifest.txt,cufft_gpu,throughput,n32_b1,32,1,1,e2e,5,0.012634600000000001,0.0007664879646804635,0.0125226,0.000293019282641945,0.0635212,0.004185937075494569,0.063913,0.0015087161760914487,0.0
repeat2_32_to_4194304,/home/nikhil/workspace/xeon-fft-bench/src/gpu/fft_logs/fft_benchmark_gpu_5run_repeat2_32_to_4194304.manifest.txt,cufft_gpu,throughput,n32_b16,32,16,1,e2e,5,0.0128246,0.0017085137693328672,0.014405800000000002,0.0016612923282794039,1.0154792000000001,0.16341408268475519,0.8968467999999999,0.0901735056166721,0.01
repeat2_32_to_4194304,/home/nikhil/workspace/xeon-fft-bench/src/gpu/fft_logs/fft_benchmark_gpu_5run_repeat2_32_to_4194304.manifest.txt,cufft_gpu,throughput,n32_b4,32,4,1,e2e,5,0.0119116,0.001919456511619891,0.0113814,0.0012443955560833538,0.2758028,0.055635361099753824,0.2840088,0.03272803447657683,0.0
repeat2_32_to_4194304,/home/nikhil/workspace/xeon-fft-bench/src/gpu/fft_logs/fft_benchmark_gpu_5run_repeat2_32_to_4194304.manifest.txt,cufft_gpu,throughput,n4096_b1,4096,1,1,e2e,5,0.0220634,0.002864319954195062,0.0218258,0.0023513694307785837,11.3230424,1.7741366320963836,11.382653600000001,1.4235690557139467,0.06
repeat2_32_to_4194304,/home/nikhil/workspace/xeon-fft-bench/src/gpu/fft_logs/fft_benchmark_gpu_5run_repeat2_32_to_4194304.manifest.txt,cufft_gpu,throughput,n4096_b16,4096,16,1,e2e,5,0.060174799999999994,0.000678761887557045,0.0583804,0.0017307623464820367,65.3524192,0.7433542258601906,67.4024984,2.0287432532421,1.0
repeat2_32_to_4194304,/home/nikhil/workspace/xeon-fft-bench/src/gpu/fft_logs/fft_benchmark_gpu_5run_repeat2_32_to_4194304.manifest.txt,cufft_gpu,throughput,n4096_b4,4096,4,1,e2e,5,0.027050200000000003,0.0033405847841358545,0.024422,8.841097216974743e-05,36.770674,4.346557531782424,40.252521,0.14555950940423085,0.25
repeat2_32_to_4194304,/home/nikhil/workspace/xeon-fft-bench/src/gpu/fft_logs/fft_benchmark_gpu_5run_repeat2_32_to_4194304.manifest.txt,cufft_gpu,throughput,n4194304_b1,4194304,1,1,e2e,5,2.8368247999999996,0.045093779756192484,2.802053,0.03695040191256397,162.6700266,2.575281431383524,164.67824639999998,2.1569408648442123,64.0
repeat2_32_to_4194304,/home/nikhil/workspace/xeon-fft-bench/src/gpu/fft_logs/fft_benchmark_gpu_5run_repeat2_32_to_4194304.manifest.txt,cufft_gpu,throughput,n4194304_b16,4194304,16,1,e2e,5,45.1872506,0.19896669947581677,45.202932,0.23753170758342945,163.3666448,0.7189778060515503,163.311053,0.8599540115703741,1024.0
repeat2_32_to_4194304,/home/nikhil/workspace/xeon-fft-bench/src/gpu/fft_logs/fft_benchmark_gpu_5run_repeat2_32_to_4194304.manifest.txt,cufft_gpu,throughput,n4194304_b4,4194304,4,1,e2e,5,11.288243,0.12413533798036733,11.288023599999999,0.10952256029375876,163.50401259999998,1.8053521728742536,163.5035926,1.5826017339497649,256.0
repeat2_32_to_4194304,/home/nikhil/workspace/xeon-fft-bench/src/gpu/fft_logs/fft_benchmark_gpu_5run_repeat2_32_to_4194304.manifest.txt,cufft_gpu,throughput,n512_b1,512,1,1,e2e,5,0.0131568,0.0014990707788493515,0.013599,0.0002127592536177926,1.7728866,0.23807470232429156,1.6945704,0.02659074628136635,0.01
repeat2_32_to_4194304,/home/nikhil/workspace/xeon-fft-bench/src/gpu/fft_logs/fft_benchmark_gpu_5run_repeat2_32_to_4194304.manifest.txt,cufft_gpu,throughput,n512_b16,512,16,1,e2e,5,0.023306,0.0005462975379772457,0.0206246,0.0029439348328385256,15.8243776,0.38154626085548293,18.186161,2.7373110485614345,0.12
repeat2_32_to_4194304,/home/nikhil/workspace/xeon-fft-bench/src/gpu/fft_logs/fft_benchmark_gpu_5run_repeat2_32_to_4194304.manifest.txt,cufft_gpu,throughput,n512_b4,512,4,1,e2e,5,0.0167496,0.002401643458134449,0.016347,0.0037537362720361698,5.5843576,0.7213546014827243,5.896641000000001,1.45310830616527,0.03
repeat2_32_to_4194304,/home/nikhil/workspace/xeon-fft-bench/src/gpu/fft_logs/fft_benchmark_gpu_5run_repeat2_32_to_4194304.manifest.txt,cufft_gpu,throughput,n524288_b1,524288,1,1,e2e,5,0.36607639999999997,0.003121664027405918,0.3544448,0.0010962076445637453,136.065335,1.167674689881359,140.5233896,0.4339719072754639,8.0
repeat2_32_to_4194304,/home/nikhil/workspace/xeon-fft-bench/src/gpu/fft_logs/fft_benchmark_gpu_5run_repeat2_32_to_4194304.manifest.txt,cufft_gpu,throughput,n524288_b16,524288,16,1,e2e,5,5.6450518,0.027849034933010212,5.643559,0.03112353041510528,141.1737842,0.6971998373857418,141.2118188,0.7804629620652774,128.0
repeat2_32_to_4194304,/home/nikhil/workspace/xeon-fft-bench/src/gpu/fft_logs/fft_benchmark_gpu_5run_repeat2_32_to_4194304.manifest.txt,cufft_gpu,throughput,n524288_b4,524288,4,1,e2e,5,1.3879892,0.00717876958120259,1.3840822000000002,0.0007005952469150915,143.541208,0.7385645363081039,143.9433836,0.07286843672880502,32.0
repeat2_32_to_4194304,/home/nikhil/workspace/xeon-fft-bench/src/gpu/fft_logs/fft_benchmark_gpu_5run_repeat2_32_to_4194304.manifest.txt,cufft_gpu,throughput,n64_b1,64,1,1,e2e,5,0.0114488,0.0016763214787146295,0.0110466,0.0016250137845569186,0.171143,0.029524072695006016,0.17704979999999998,0.02756085534231477,0.0
repeat2_32_to_4194304,/home/nikhil/workspace/xeon-fft-bench/src/gpu/fft_logs/fft_benchmark_gpu_5run_repeat2_32_to_4194304.manifest.txt,cufft_gpu,throughput,n64_b16,64,16,1,e2e,5,0.0122794,0.0025498831934031804,0.0121846,0.002193501151128032,2.5986288,0.583186332730972,2.5932098,0.5000352297545644,0.02
repeat2_32_to_4194304,/home/nikhil/workspace/xeon-fft-bench/src/gpu/fft_logs/fft_benchmark_gpu_5run_repeat2_32_to_4194304.manifest.txt,cufft_gpu,throughput,n64_b4,64,4,1,e2e,5,0.0128354,0.0016815572544519564,0.0128006,0.0019250903355427242,0.6084256,0.09613879042977391,0.6138116,0.11511543243761888,0.0
repeat2_32_to_4194304,/home/nikhil/workspace/xeon-fft-bench/src/gpu/fft_logs/fft_benchmark_gpu_5run_repeat2_32_to_4194304.manifest.txt,cufft_gpu,throughput,n65536_b1,65536,1,1,e2e,5,0.06211479999999999,0.0009505454749773932,0.06205400000000001,0.0009186457423838614,84.42227460000001,1.3141512746728599,84.5037068,1.2514744042143708,1.0
repeat2_32_to_4194304,/home/nikhil/workspace/xeon-fft-bench/src/gpu/fft_logs/fft_benchmark_gpu_5run_repeat2_32_to_4194304.manifest.txt,cufft_gpu,throughput,n65536_b16,65536,16,1,e2e,5,0.7117836,0.011647995677368692,0.6985636,0.0008239243290497193,117.8787336,1.9399724321743084,120.0837624,0.14155708032733993,16.0
repeat2_32_to_4194304,/home/nikhil/workspace/xeon-fft-bench/src/gpu/fft_logs/fft_benchmark_gpu_5run_repeat2_32_to_4194304.manifest.txt,cufft_gpu,throughput,n65536_b4,65536,4,1,e2e,5,0.1920458,0.0011096594973233915,0.1840858,0.001028769750721694,109.2035588,0.6313297368944378,113.92538959999999,0.6338958929203549,4.0
repeat2_32_to_4194304,/home/nikhil/workspace/xeon-fft-bench/src/gpu/fft_logs/fft_benchmark_gpu_5run_repeat2_32_to_4194304.manifest.txt,cufft_gpu,throughput,n8192_b1,8192,1,1,e2e,5,0.0274366,0.00334361149058918,0.0263878,0.0031689578255319198,19.6316878,2.297418076771662,20.382396800000002,2.1180061436372646,0.12
repeat2_32_to_4194304,/home/nikhil/workspace/xeon-fft-bench/src/gpu/fft_logs/fft_benchmark_gpu_5run_repeat2_32_to_4194304.manifest.txt,cufft_gpu,throughput,n8192_b16,8192,16,1,e2e,5,0.1052412,0.001966729696730077,0.10272840000000001,0.0002187311134703992,80.9760292,1.4880406746489543,82.9343934,0.17715129541947716,2.0
repeat2_32_to_4194304,/home/nikhil/workspace/xeon-fft-bench/src/gpu/fft_logs/fft_benchmark_gpu_5run_repeat2_32_to_4194304.manifest.txt,cufft_gpu,throughput,n8192_b4,8192,4,1,e2e,5,0.043562000000000003,0.001048372309821274,0.043856400000000004,0.0031997865241293836,48.916407400000004,1.1596760294911255,48.7763378,3.6112863422481056,0.5
repeat2_32_to_4194304,/home/nikhil/workspace/xeon-fft-bench/src/gpu/fft_logs/fft_benchmark_gpu_5run_repeat2_32_to_4194304.manifest.txt,cufft_gpu_batch_scaling,batch_scaling,n16384_b16_t1,16384,16,1,e2e,5,0.1919764,0.0010134151666518509,0.185798,0.0011300559720651031,95.5872448,0.5026867403440273,98.76648780000001,0.6014680052726827,4.0
repeat2_32_to_4194304,/home/nikhil/workspace/xeon-fft-bench/src/gpu/fft_logs/fft_benchmark_gpu_5run_repeat2_32_to_4194304.manifest.txt,cufft_gpu_batch_scaling,batch_scaling,n16384_b1_t1,16384,1,1,e2e,5,0.0339748,0.002413535725859468,0.0347892,0.0014105682188394854,33.901864,2.5541169699837556,33.011835000000005,1.3942819469409653,0.25
repeat2_32_to_4194304,/home/nikhil/workspace/xeon-fft-bench/src/gpu/fft_logs/fft_benchmark_gpu_5run_repeat2_32_to_4194304.manifest.txt,cufft_gpu_batch_scaling,batch_scaling,n16384_b256_t1,16384,256,1,e2e,5,2.7972296,0.10460119356537,2.6703358,0.012849759694251105,105.0782064,3.903683611738,109.95123659999999,0.528294186222789,64.0
repeat2_32_to_4194304,/home/nikhil/workspace/xeon-fft-bench/src/gpu/fft_logs/fft_benchmark_gpu_5run_repeat2_32_to_4194304.manifest.txt,cufft_gpu_batch_scaling,batch_scaling,n16384_b4_t1,16384,4,1,e2e,5,0.06485339999999999,0.0003808212178962738,0.0654058,0.0014093612737690782,70.7386818,0.41600058248120797,70.1654728,1.5132281083414634,1.0
repeat2_32_to_4194304,/home/nikhil/workspace/xeon-fft-bench/src/gpu/fft_logs/fft_benchmark_gpu_5run_repeat2_32_to_4194304.manifest.txt,cufft_gpu_batch_scaling,batch_scaling,n16384_b64_t1,16384,64,1,e2e,5,0.687272,0.005290635689593482,0.6737972,0.0005987016786347511,106.8045846,0.8222249971740069,108.93541139999999,0.09692925631768366,16.0
repeat3_32_to_4194304,/home/nikhil/workspace/xeon-fft-bench/src/gpu/fft_logs/fft_benchmark_gpu_5run_repeat3_32_to_4194304.manifest.txt,cufft_gpu,throughput,n1024_b1,1024,1,1,e2e,5,0.0142456,0.0003756232154699711,0.0128228,0.001786687493659706,3.5960908,0.09668568947988118,4.0704672,0.6959647849562505,0.02
repeat3_32_to_4194304,/home/nikhil/workspace/xeon-fft-bench/src/gpu/fft_logs/fft_benchmark_gpu_5run_repeat3_32_to_4194304.manifest.txt,cufft_gpu,throughput,n1024_b16,1024,16,1,e2e,5,0.0271532,0.0032068035019314793,0.0254908,0.002813199548556766,30.495549599999997,3.4515048708854223,32.4121916,3.1173229900963584,0.25
repeat3_32_to_4194304,/home/nikhil/workspace/xeon-fft-bench/src/gpu/fft_logs/fft_benchmark_gpu_5run_repeat3_32_to_4194304.manifest.txt,cufft_gpu,throughput,n1024_b4,1024,4,1,e2e,5,0.0199392,0.0031477323107278366,0.020940999999999998,0.0031735943345046476,10.469154,1.5685192586884293,9.9737762,1.5999610928624795,0.06
repeat3_32_to_4194304,/home/nikhil/workspace/xeon-fft-bench/src/gpu/fft_logs/fft_benchmark_gpu_5run_repeat3_32_to_4194304.manifest.txt,cufft_gpu,throughput,n1048576_b1,1048576,1,1,e2e,5,0.7092398,0.0028971877226027067,0.7035918000000001,0.0008540911543857547,147.846995,0.6050191323689655,149.03207079999999,0.18087642132599363,16.0
repeat3_32_to_4194304,/home/nikhil/workspace/xeon-fft-bench/src/gpu/fft_logs/fft_benchmark_gpu_5run_repeat3_32_to_4194304.manifest.txt,cufft_gpu,throughput,n1048576_b16,1048576,16,1,e2e,5,11.2029304,0.04474177739875761,11.2006828,0.05007141418713899,149.7592946,0.5968462680127967,149.78983060000002,0.6687068783348123,256.0
repeat3_32_to_4194304,/home/nikhil/workspace/xeon-fft-bench/src/gpu/fft_logs/fft_benchmark_gpu_5run_repeat3_32_to_4194304.manifest.txt,cufft_gpu,throughput,n1048576_b4,1048576,4,1,e2e,5,2.7731616,0.013148057263337228,2.769749,0.010529807286935476,151.24902179999998,0.720336279143776,151.434402,0.5762051220906537,64.0
repeat3_32_to_4194304,/home/nikhil/workspace/xeon-fft-bench/src/gpu/fft_logs/fft_benchmark_gpu_5run_repeat3_32_to_4194304.manifest.txt,cufft_gpu,throughput,n128_b1,128,1,1,e2e,5,0.012488599999999999,0.0017173478971949743,0.0124794,0.001723201903434417,0.3654436,0.06111025110650424,0.36575759999999996,0.061375351862942525,0.0
repeat3_32_to_4194304,/home/nikhil/workspace/xeon-fft-bench/src/gpu/fft_logs/fft_benchmark_gpu_5run_repeat3_32_to_4194304.manifest.txt,cufft_gpu,throughput,n128_b16,128,16,1,e2e,5,0.0177426,0.003011491623763878,0.016506399999999997,0.0011348316174657795,4.1289482,0.6560112144934718,4.3580654,0.2815946054548989,0.03
repeat3_32_to_4194304,/home/nikhil/workspace/xeon-fft-bench/src/gpu/fft_logs/fft_benchmark_gpu_5run_repeat3_32_to_4194304.manifest.txt,cufft_gpu,throughput,n128_b4,128,4,1,e2e,5,0.013689000000000002,0.00013137351331223522,0.0126264,0.0019933235562747957,1.3091812,0.012612434784767017,1.4559362,0.2904923593903977,0.01
repeat3_32_to_4194304,/home/nikhil/workspace/xeon-fft-bench/src/gpu/fft_logs/fft_benchmark_gpu_5run_repeat3_32_to_4194304.manifest.txt,cufft_gpu,throughput,n131072_b1,131072,1,1,e2e,5,0.1036856,0.0016071050992389993,0.10338499999999999,0.0005383957652136581,107.4713974,1.632376861855986,107.76577999999999,0.5598202583307421,2.0
repeat3_32_to_4194304,/home/nikhil/workspace/xeon-fft-bench/src/gpu/fft_logs/fft_benchmark_gpu_5run_repeat3_32_to_4194304.manifest.txt,cufft_gpu,throughput,n131072_b16,131072,16,1,e2e,5,1.3943159999999999,0.0027516046227610692,1.3766694000000002,0.0004969102534662923,127.84652439999999,0.2520688552148028,129.484924,0.046698034417947,32.0
repeat3_32_to_4194304,/home/nikhil/workspace/xeon-fft-bench/src/gpu/fft_logs/fft_benchmark_gpu_5run_repeat3_32_to_4194304.manifest.txt,cufft_gpu,throughput,n131072_b4,131072,4,1,e2e,5,0.36576719999999996,0.0016182542136512314,0.3533834,0.001057449194997095,121.8402296,0.5400274216364394,126.1089346,0.377063005439142,8.0
repeat3_32_to_4194304,/home/nikhil/workspace/xeon-fft-bench/src/gpu/fft_logs/fft_benchmark_gpu_5run_repeat3_32_to_4194304.manifest.txt,cufft_gpu,throughput,n16384_b1,16384,1,1,e2e,5,0.0348514,0.0014839775267840173,0.0342572,0.0018935566270909371,32.956503,1.4266634955684203,33.5599488,1.8444689860826355,0.25
repeat3_32_to_4194304,/home/nikhil/workspace/xeon-fft-bench/src/gpu/fft_logs/fft_benchmark_gpu_5run_repeat3_32_to_4194304.manifest.txt,cufft_gpu,throughput,n16384_b16,16384,16,1,e2e,5,0.1922814,0.001276610081426581,0.1866234,0.0007133511056976051,95.436867,0.6294175146959317,98.32812820000001,0.37522585205340164,4.0
repeat3_32_to_4194304,/home/nikhil/workspace/xeon-fft-bench/src/gpu/fft_logs/fft_benchmark_gpu_5run_repeat3_32_to_4194304.manifest.txt,cufft_gpu,throughput,n16384_b4,16384,4,1,e2e,5,0.0648046,0.0002195217529084543,0.0645226,0.0013895797206349876,70.79082000000001,0.24051534905697988,71.1251352,1.489523106282918,1.0
repeat3_32_to_4194304,/home/nikhil/workspace/xeon-fft-bench/src/gpu/fft_logs/fft_benchmark_gpu_5run_repeat3_32_to_4194304.manifest.txt,cufft_gpu,throughput,n2048_b1,2048,1,1,e2e,5,0.021773999999999998,0.0002538897398478325,0.0173472,0.002296909271172897,5.1736888,0.06059538509408091,6.5717592,0.7411786325193144,0.03
repeat3_32_to_4194304,/home/nikhil/workspace/xeon-fft-bench/src/gpu/fft_logs/fft_benchmark_gpu_5run_repeat3_32_to_4194304.manifest.txt,cufft_gpu,throughput,n2048_b16,2048,16,1,e2e,5,0.039389799999999996,0.0006484633374370532,0.0360358,0.001258831283373589,45.763899200000004,0.7500634181788889,50.0633864,1.8237889176492685,0.5
repeat3_32_to_4194304,/home/nikhil/workspace/xeon-fft-bench/src/gpu/fft_logs/fft_benchmark_gpu_5run_repeat3_32_to_4194304.manifest.txt,cufft_gpu,throughput,n2048_b4,2048,4,1,e2e,5,0.0263846,0.005363713993120811,0.0240516,0.0042396578635545586,17.782604,4.3750299532531205,19.2348114,3.623934438406521,0.12
repeat3_32_to_4194304,/home/nikhil/workspace/xeon-fft-bench/src/gpu/fft_logs/fft_benchmark_gpu_5run_repeat3_32_to_4194304.manifest.txt,cufft_gpu,throughput,n2097152_b1,2097152,1,1,e2e,5,1.3932648,0.0026253142097662505,1.3926724,0.002160895717058138,158.047171,0.29778885038563935,158.1142834,0.24548502881194104,32.0
repeat3_32_to_4194304,/home/nikhil/workspace/xeon-fft-bench/src/gpu/fft_logs/fft_benchmark_gpu_5run_repeat3_32_to_4194304.manifest.txt,cufft_gpu,throughput,n2097152_b16,2097152,16,1,e2e,5,22.2874402,0.0631222830243023,22.343716399999998,0.03635238997370073,158.081766,0.44653041853381836,157.68293599999998,0.25605649302741784,512.0
repeat3_32_to_4194304,/home/nikhil/workspace/xeon-fft-bench/src/gpu/fft_logs/fft_benchmark_gpu_5run_repeat3_32_to_4194304.manifest.txt,cufft_gpu,throughput,n2097152_b4,2097152,4,1,e2e,5,5.5480248,0.026317031171847374,5.5258324000000005,0.026294296811286002,158.76274659999999,0.7496988456982655,159.40036719999998,0.7544053751672306,128.0
repeat3_32_to_4194304,/home/nikhil/workspace/xeon-fft-bench/src/gpu/fft_logs/fft_benchmark_gpu_5run_repeat3_32_to_4194304.manifest.txt,cufft_gpu,throughput,n256_b1,256,1,1,e2e,5,0.0126732,0.00185667746256586,0.012878999999999998,0.0018224719476579053,0.8256444000000001,0.15055082855899535,0.8110616,0.1411242194249449,0.0
repeat3_32_to_4194304,/home/nikhil/workspace/xeon-fft-bench/src/gpu/fft_logs/fft_benchmark_gpu_5run_repeat3_32_to_4194304.manifest.txt,cufft_gpu,throughput,n256_b16,256,16,1,e2e,5,0.0194398,0.0030592208485168237,0.016642,0.00020962347196819427,8.5890644,1.2783861056458254,9.8460916,0.12540398223461655,0.06
repeat3_32_to_4194304,/home/nikhil/workspace/xeon-fft-bench/src/gpu/fft_logs/fft_benchmark_gpu_5run_repeat3_32_to_4194304.manifest.txt,cufft_gpu,throughput,n256_b4,256,4,1,e2e,5,0.0138736,0.0008075619480881946,0.0150146,0.0022252788139916313,2.9602472,0.1692259951446585,2.7687698000000003,0.3441549405496018,0.02
repeat3_32_to_4194304,/home/nikhil/workspace/xeon-fft-bench/src/gpu/fft_logs/fft_benchmark_gpu_5run_repeat3_32_to_4194304.manifest.txt,cufft_gpu,throughput,n262144_b1,262144,1,1,e2e,5,0.19453579999999998,0.0014777527533386594,0.186086,0.0008799320996531514,121.2839092,0.9199589521145478,126.7874736,0.6027786203817279,4.0
repeat3_32_to_4194304,/home/nikhil/workspace/xeon-fft-bench/src/gpu/fft_logs/fft_benchmark_gpu_5run_repeat3_32_to_4194304.manifest.txt,cufft_gpu,throughput,n262144_b16,262144,16,1,e2e,5,2.8338411999999997,0.07724910433914427,2.75775,0.0316251365609699,133.2855424,3.604723789542669,136.89658,1.5492710854964946,64.0
repeat3_32_to_4194304,/home/nikhil/workspace/xeon-fft-bench/src/gpu/fft_logs/fft_benchmark_gpu_5run_repeat3_32_to_4194304.manifest.txt,cufft_gpu,throughput,n262144_b4,262144,4,1,e2e,5,0.7193824,0.002149126171261236,0.6984906,0.0003125264788781411,131.1854664,0.3931699013572922,135.108275,0.06045353575267639,16.0
repeat3_32_to_4194304,/home/nikhil/workspace/xeon-fft-bench/src/gpu/fft_logs/fft_benchmark_gpu_5run_repeat3_32_to_4194304.manifest.txt,cufft_gpu,throughput,n32768_b1,32768,1,1,e2e,5,0.041986800000000005,0.0007312104348270736,0.0423644,0.0028866593668114013,58.5471322,1.0131793708320822,58.231398999999996,4.0465206334346675,0.5
repeat3_32_to_4194304,/home/nikhil/workspace/xeon-fft-bench/src/gpu/fft_logs/fft_benchmark_gpu_5run_repeat3_32_to_4194304.manifest.txt,cufft_gpu,throughput,n32768_b16,32768,16,1,e2e,5,0.3676282,0.000605563126354297,0.35533139999999996,0.0008212714532966567,106.9604832,0.17649071260890706,110.66220200000001,0.25640228630708356,8.0
repeat3_32_to_4194304,/home/nikhil/workspace/xeon-fft-bench/src/gpu/fft_logs/fft_benchmark_gpu_5run_repeat3_32_to_4194304.manifest.txt,cufft_gpu,throughput,n32768_b4,32768,4,1,e2e,5,0.10282759999999999,0.0002836437906953016,0.10253459999999999,0.00042871120815765764,95.60144840000001,0.2648264951884553,95.8752074,0.4005651244720347,2.0
repeat3_32_to_4194304,/home/nikhil/workspace/xeon-fft-bench/src/gpu/fft_logs/fft_benchmark_gpu_5run_repeat3_32_to_4194304.manifest.txt,cufft_gpu,throughput,n32_b1,32,1,1,e2e,5,0.0121588,0.0017550100284613765,0.012323,0.0016573548201878798,0.067164,0.011862230144454288,0.0660678,0.010699149998948514,0.0
repeat3_32_to_4194304,/home/nikhil/workspace/xeon-fft-bench/src/gpu/fft_logs/fft_benchmark_gpu_5run_repeat3_32_to_4194304.manifest.txt,cufft_gpu,throughput,n32_b16,32,16,1,e2e,5,0.0119208,0.002335341880753223,0.014313600000000001,0.0018781065731209193,1.1104660000000002,0.2344061370165039,0.9050072,0.1028026196490148,0.01
repeat3_32_to_4194304,/home/nikhil/workspace/xeon-fft-bench/src/gpu/fft_logs/fft_benchmark_gpu_5run_repeat3_32_to_4194304.manifest.txt,cufft_gpu,throughput,n32_b4,32,4,1,e2e,5,0.0128154,0.000385864354404498,0.0130202,0.0003151383823021249,0.2498806,0.0074821368805976975,0.24588580000000002,0.005854103022667097,0.0
repeat3_32_to_4194304,/home/nikhil/workspace/xeon-fft-bench/src/gpu/fft_logs/fft_benchmark_gpu_5run_repeat3_32_to_4194304.manifest.txt,cufft_gpu,throughput,n4096_b1,4096,1,1,e2e,5,0.0210238,0.0032157704675551705,0.020796600000000002,0.0031621697930376844,11.9252758,1.9259875095824739,12.0517278,1.9279161012325459,0.06
repeat3_32_to_4194304,/home/nikhil/workspace/xeon-fft-bench/src/gpu/fft_logs/fft_benchmark_gpu_5run_repeat3_32_to_4194304.manifest.txt,cufft_gpu,throughput,n4096_b16,4096,16,1,e2e,5,0.059875199999999996,0.00022451213775651532,0.0583348,0.002220955807754849,65.6733382,0.2461818451809577,67.48463799999999,2.5542267162048296,1.0
repeat3_32_to_4194304,/home/nikhil/workspace/xeon-fft-bench/src/gpu/fft_logs/fft_benchmark_gpu_5run_repeat3_32_to_4194304.manifest.txt,cufft_gpu,throughput,n4096_b4,4096,4,1,e2e,5,0.0294014,0.0025745308893077986,0.0257672,0.002813418863233842,33.6692828,3.3403790908918847,38.4735682,3.699813017165692,0.25
repeat3_32_to_4194304,/home/nikhil/workspace/xeon-fft-bench/src/gpu/fft_logs/fft_benchmark_gpu_5run_repeat3_32_to_4194304.manifest.txt,cufft_gpu,throughput,n4194304_b1,4194304,1,1,e2e,5,2.8020616,0.03239679970768728,2.7756832,0.0024291057408026284,164.6725258,1.894483553555471,166.21987719999998,0.14554723056349475,64.0
repeat3_32_to_4194304,/home/nikhil/workspace/xeon-fft-bench/src/gpu/fft_logs/fft_benchmark_gpu_5run_repeat3_32_to_4194304.manifest.txt,cufft_gpu,throughput,n4194304_b16,4194304,16,1,e2e,5,45.071308,0.11294647488965764,45.1093422,0.11768779513059158,163.7851746,0.409556251958501,163.64714880000002,0.4266413960637064,1024.0
repeat3_32_to_4194304,/home/nikhil/workspace/xeon-fft-bench/src/gpu/fft_logs/fft_benchmark_gpu_5run_repeat3_32_to_4194304.manifest.txt,cufft_gpu,throughput,n4194304_b4,4194304,4,1,e2e,5,11.2767288,0.06909423507934678,11.2452296,0.10447421781138144,163.6599722,1.0016652123487695,164.1247796,1.5201459332456497,256.0
repeat3_32_to_4194304,/home/nikhil/workspace/xeon-fft-bench/src/gpu/fft_logs/fft_benchmark_gpu_5run_repeat3_32_to_4194304.manifest.txt,cufft_gpu,throughput,n512_b1,512,1,1,e2e,5,0.0134606,0.0003600372202981239,0.013584599999999999,0.0001030621171915271,1.7126924,0.04741413969271199,1.6961112,0.012841177173452593,0.01
repeat3_32_to_4194304,/home/nikhil/workspace/xeon-fft-bench/src/gpu/fft_logs/fft_benchmark_gpu_5run_repeat3_32_to_4194304.manifest.txt,cufft_gpu,throughput,n512_b16,512,16,1,e2e,5,0.0212256,0.003323697684808291,0.0190218,0.0027155048701852837,17.7352362,2.9346883844748666,19.6493282,2.3593252003942142,0.12
repeat3_32_to_4194304,/home/nikhil/workspace/xeon-fft-bench/src/gpu/fft_logs/fft_benchmark_gpu_5run_repeat3_32_to_4194304.manifest.txt,cufft_gpu,throughput,n512_b4,512,4,1,e2e,5,0.0160632,0.0002227143910931668,0.016281,0.0033279012154810122,5.7381644000000005,0.07970609855776395,5.8443658,1.1493977893078182,0.03
repeat3_32_to_4194304,/home/nikhil/workspace/xeon-fft-bench/src/gpu/fft_logs/fft_benchmark_gpu_5run_repeat3_32_to_4194304.manifest.txt,cufft_gpu,throughput,n524288_b1,524288,1,1,e2e,5,0.36751100000000003,0.0019420214983361793,0.3542068,0.0011094348561317086,135.5292042,0.7196220194572209,140.617747,0.4404400287962043,8.0
repeat3_32_to_4194304,/home/nikhil/workspace/xeon-fft-bench/src/gpu/fft_logs/fft_benchmark_gpu_5run_repeat3_32_to_4194304.manifest.txt,cufft_gpu,throughput,n524288_b16,524288,16,1,e2e,5,5.5903182000000005,0.05550911705927216,5.597834799999999,0.06289932578493998,142.5645866,1.4329916627637136,142.37631340000002,1.6163581012087944,128.0
repeat3_32_to_4194304,/home/nikhil/workspace/xeon-fft-bench/src/gpu/fft_logs/fft_benchmark_gpu_5run_repeat3_32_to_4194304.manifest.txt,cufft_gpu,throughput,n524288_b4,524288,4,1,e2e,5,1.3892251999999998,0.00531907178932565,1.3831236,0.0007923195693658635,143.4121422,0.5482116005966067,144.04316799999998,0.08252501461677765,32.0
repeat3_32_to_4194304,/home/nikhil/workspace/xeon-fft-bench/src/gpu/fft_logs/fft_benchmark_gpu_5run_repeat3_32_to_4194304.manifest.txt,cufft_gpu,throughput,n64_b1,64,1,1,e2e,5,0.012742400000000001,0.00048630473984940755,0.012889999999999999,0.0004187385819338838,0.1508596,0.005946164040791355,0.1490746,0.00480220587855207,0.0
repeat3_32_to_4194304,/home/nikhil/workspace/xeon-fft-bench/src/gpu/fft_logs/fft_benchmark_gpu_5run_repeat3_32_to_4194304.manifest.txt,cufft_gpu,throughput,n64_b16,64,16,1,e2e,5,0.0138178,0.00039403515071627745,0.013653799999999999,0.000162268912611134,2.224607,0.06168979191081785,2.2501818,0.026564222390275023,0.02
repeat3_32_to_4194304,/home/nikhil/workspace/xeon-fft-bench/src/gpu/fft_logs/fft_benchmark_gpu_5run_repeat3_32_to_4194304.manifest.txt,cufft_gpu,throughput,n64_b4,64,4,1,e2e,5,0.0135108,6.0005833049795445e-05,0.013365199999999999,0.00040606797460523807,0.5684466,0.002525948000256549,0.575063,0.017801150004985625,0.0
repeat3_32_to_4194304,/home/nikhil/workspace/xeon-fft-bench/src/gpu/fft_logs/fft_benchmark_gpu_5run_repeat3_32_to_4194304.manifest.txt,cufft_gpu,throughput,n65536_b1,65536,1,1,e2e,5,0.061930200000000005,0.0011506433852414913,0.0609692,0.002166807259541097,84.68133900000001,1.5811578679210065,86.0792186,3.0629044900112903,1.0
repeat3_32_to_4194304,/home/nikhil/workspace/xeon-fft-bench/src/gpu/fft_logs/fft_benchmark_gpu_5run_repeat3_32_to_4194304.manifest.txt,cufft_gpu,throughput,n65536_b16,65536,16,1,e2e,5,0.7183982,0.0018213216904215093,0.6977574000000001,0.0008933399688808445,116.7688412,0.2963323452994956,120.22256540000001,0.1538654006357525,16.0
repeat3_32_to_4194304,/home/nikhil/workspace/xeon-fft-bench/src/gpu/fft_logs/fft_benchmark_gpu_5run_repeat3_32_to_4194304.manifest.txt,cufft_gpu,throughput,n65536_b4,65536,4,1,e2e,5,0.19067479999999998,0.001037505036132349,0.1845256,0.0007528112645278455,109.9883624,0.5995975267696702,113.6524132,0.4616913796885331,4.0
repeat3_32_to_4194304,/home/nikhil/workspace/xeon-fft-bench/src/gpu/fft_logs/fft_benchmark_gpu_5run_repeat3_32_to_4194304.manifest.txt,cufft_gpu,throughput,n8192_b1,8192,1,1,e2e,5,0.0268074,0.0028592332538636997,0.026839399999999996,0.0027806283102924764,20.025604800000004,1.9055455574238314,19.9979084,1.9111295341448737,0.12
repeat3_32_to_4194304,/home/nikhil/workspace/xeon-fft-bench/src/gpu/fft_logs/fft_benchmark_gpu_5run_repeat3_32_to_4194304.manifest.txt,cufft_gpu,throughput,n8192_b16,8192,16,1,e2e,5,0.1046134,0.001986043252298397,0.10272600000000001,0.0004394274684177079,81.46297200000001,1.537024170051009,82.93711040000001,0.35423332273065783,2.0
repeat3_32_to_4194304,/home/nikhil/workspace/xeon-fft-bench/src/gpu/fft_logs/fft_benchmark_gpu_5run_repeat3_32_to_4194304.manifest.txt,cufft_gpu,throughput,n8192_b4,8192,4,1,e2e,5,0.0428022,0.0012464534487898065,0.0414622,0.0010494232701822484,49.795673799999996,1.4505125873265305,51.396198600000005,1.2983527314639107,0.5
repeat3_32_to_4194304,/home/nikhil/workspace/xeon-fft-bench/src/gpu/fft_logs/fft_benchmark_gpu_5run_repeat3_32_to_4194304.manifest.txt,cufft_gpu_batch_scaling,batch_scaling,n16384_b16_t1,16384,16,1,e2e,5,0.1919004,0.0012057782963712754,0.1861316,0.0011316951002809886,95.62589840000001,0.5970317696628895,98.5895668,0.6029667964753135,4.0
repeat3_32_to_4194304,/home/nikhil/workspace/xeon-fft-bench/src/gpu/fft_logs/fft_benchmark_gpu_5run_repeat3_32_to_4194304.manifest.txt,cufft_gpu_batch_scaling,batch_scaling,n16384_b1_t1,16384,1,1,e2e,5,0.0343968,0.0017494769789854314,0.0334962,0.0025151183272363173,33.4102602,1.6622208084051888,34.3992226,2.666618685121911,0.25
repeat3_32_to_4194304,/home/nikhil/workspace/xeon-fft-bench/src/gpu/fft_logs/fft_benchmark_gpu_5run_repeat3_32_to_4194304.manifest.txt,cufft_gpu_batch_scaling,batch_scaling,n16384_b256_t1,16384,256,1,e2e,5,2.7700054,0.1254690780682634,2.6914618,0.07786292747643137,106.1644312,4.729968843536255,109.15653259999999,3.04045669184611,64.0
repeat3_32_to_4194304,/home/nikhil/workspace/xeon-fft-bench/src/gpu/fft_logs/fft_benchmark_gpu_5run_repeat3_32_to_4194304.manifest.txt,cufft_gpu_batch_scaling,batch_scaling,n16384_b4_t1,16384,4,1,e2e,5,0.06498899999999999,0.0002532390175308737,0.06541040000000001,0.0008593176362672873,70.5899026,0.2748469887761208,70.1441736,0.9122128497189129,1.0
repeat3_32_to_4194304,/home/nikhil/workspace/xeon-fft-bench/src/gpu/fft_logs/fft_benchmark_gpu_5run_repeat3_32_to_4194304.manifest.txt,cufft_gpu_batch_scaling,batch_scaling,n16384_b64_t1,16384,64,1,e2e,5,0.6859252,0.0021704147529907694,0.6735194,0.0007258590083480609,107.01003499999999,0.337454888508083,108.9803682,0.11740090567027014,16.0
