n,batch,mkl_fwd_profile,mkl_fwd_ms,mkl_fwd_gflops,mkl_bwd_profile,mkl_bwd_ms,mkl_bwd_gflops
32,1,baseline_sse42_1t,4.5e-05,17.78,avx512_logical,4.1e-05,19.51
32,2,avx512_logical,5e-05,32.0,avx512_phys,5.1e-05,31.37
32,4,baseline_sse42_1t,0.000115,27.83,avx512_phys,6.9e-05,46.38
32,8,avx512_logical,0.000117,54.7,avx512_phys,0.000122,52.46
32,16,baseline_sse42_1t,0.00041,31.22,baseline_sse42_1t,0.000419,30.55
32,32,baseline_sse42_1t,0.000795,32.2,baseline_sse42_1t,0.000809,31.64
32,64,baseline_sse42_1t,0.001561,32.8,avx512_phys,0.001251,40.93
32,128,avx512_logical,0.002777,36.87,avx512_phys,0.001383,74.04
32,256,avx512_phys,0.001548,132.3,avx512_phys,0.001526,134.21
32,512,avx512_logical,0.003264,125.49,avx512_phys,0.002011,203.68
32,1024,avx512_logical,0.003503,233.86,avx512_phys,0.00276,296.81
32,2048,avx512_phys,0.004562,359.14,avx512_phys,0.004138,395.94
32,4096,avx512_logical,0.006264,523.12,avx512_logical,0.00641,511.2
32,8192,avx512_logical,0.010855,603.74,avx512_logical,0.011005,595.51
32,16384,avx512_logical,0.020514,638.94,avx512_logical,0.020351,644.06
32,32768,avx512_phys,0.115001,227.95,avx512_phys,0.115188,227.58
32,65536,avx512_phys,0.482707,108.61,avx512_logical,0.458401,114.37
64,1,avx512_phys,4.6e-05,41.74,avx512_phys,4.8e-05,40.0
64,2,avx512_phys,7.2e-05,53.33,avx512_phys,6.8e-05,56.47
64,4,avx512_phys,0.000118,65.08,avx512_phys,0.000112,68.57
64,8,baseline_sse42_1t,0.000593,25.9,baseline_sse42_1t,0.000778,19.74
64,16,baseline_sse42_1t,0.001152,26.67,baseline_sse42_1t,0.001176,26.12
64,32,baseline_sse42_1t,0.002305,26.66,avx512_phys,0.00123,49.95
64,64,avx512_phys,0.002291,53.64,avx512_phys,0.001338,91.84
64,128,avx512_phys,0.001522,161.47,avx512_phys,0.001488,165.16
64,256,avx512_phys,0.003729,131.81,avx512_phys,0.001959,250.9
64,512,avx512_logical,0.003609,272.39,avx512_phys,0.002852,344.68
64,1024,avx512_phys,0.003942,498.75,avx512_phys,0.003969,495.36
64,2048,avx512_logical,0.006223,631.88,avx512_logical,0.005958,659.98
64,4096,avx512_logical,0.009908,793.73,avx512_logical,0.009849,798.49
64,8192,avx512_logical,0.019161,820.87,avx512_logical,0.018977,828.83
64,16384,avx512_logical,0.114806,274.0,avx512_phys,0.115642,272.02
64,32768,avx512_phys,0.458241,137.3,avx512_phys,0.465009,135.3
64,65536,avx512_logical,1.273227,98.83,avx512_phys,1.283563,98.03
128,1,avx512_phys,7.5e-05,59.73,avx512_phys,6.9e-05,64.93
128,2,avx512_phys,0.000113,79.29,avx512_phys,0.000109,82.2
128,4,baseline_sse42_1t,0.000585,30.63,avx512_phys,0.00078,22.97
128,8,avx512_phys,0.000897,39.96,avx512_phys,0.000919,39.0
128,16,avx512_phys,0.001787,40.11,avx512_phys,0.001244,57.62
128,32,avx512_logical,0.002763,51.89,avx512_phys,0.001317,108.85
128,64,avx512_phys,0.001456,196.92,avx512_phys,0.001517,189.0
128,128,avx512_logical,0.002984,192.17,avx512_phys,0.001993,287.73
128,256,avx512_logical,0.003652,314.04,avx512_phys,0.002845,403.12
128,512,avx512_logical,0.004334,529.25,avx512_phys,0.004138,554.32
128,1024,avx512_logical,0.006597,695.39,avx512_logical,0.006619,693.08
128,2048,avx512_logical,0.011213,818.25,avx512_logical,0.011044,830.77
128,4096,avx512_logical,0.02176,843.29,avx512_logical,0.021407,857.2
128,8192,avx512_logical,0.114705,319.95,avx512_logical,0.114706,319.95
128,16384,avx512_phys,0.466363,157.39,avx512_phys,0.471262,155.75
128,32768,avx512_phys,1.267297,115.84,avx512_phys,1.233255,119.04
128,65536,avx512_logical,2.920273,100.54,avx512_logical,2.898782,101.28
256,1,avx512_phys,0.000169,60.59,avx512_phys,0.000163,62.82
256,2,baseline_sse42_1t,0.00063,32.51,baseline_sse42_1t,0.000628,32.61
256,4,baseline_sse42_1t,0.001238,33.09,baseline_sse42_1t,0.001244,32.93
256,8,baseline_sse42_1t,0.002472,33.14,avx512_phys,0.001467,55.84
256,16,avx512_logical,0.002427,67.51,avx512_phys,0.001774,92.36
256,32,avx512_phys,0.001635,200.42,avx512_phys,0.001782,183.88
256,64,avx512_phys,0.003601,181.99,avx512_phys,0.002418,271.03
256,128,avx512_logical,0.004166,314.62,avx512_logical,0.003958,331.16
256,256,avx512_logical,0.005256,498.75,avx512_logical,0.005345,490.45
256,512,avx512_logical,0.008454,620.17,avx512_logical,0.008382,625.49
256,1024,avx512_logical,0.014687,713.95,avx512_logical,0.014716,712.54
256,2048,avx512_logical,0.029379,713.83,avx512_logical,0.028863,726.59
256,4096,avx512_logical,0.11805,355.3,avx512_logical,0.119617,350.64
256,8192,avx512_phys,0.492055,170.48,avx512_phys,0.495748,169.21
256,16384,avx512_phys,1.319483,127.15,avx512_phys,1.337387,125.45
256,32768,avx512_logical,2.893124,115.98,avx512_phys,2.898137,115.78
256,65536,avx512_logical,5.900861,113.73,avx512_logical,5.951418,112.76
512,1,avx512_phys,0.000386,59.69,avx512_logical,0.000357,64.54
512,2,baseline_sse42_1t,0.001362,33.83,avx512_phys,0.000949,48.56
512,4,avx512_phys,0.002233,41.27,avx512_phys,0.00115,80.14
512,8,avx512_phys,0.002564,71.89,avx512_phys,0.001654,111.44
512,16,avx512_phys,0.003758,98.09,avx512_phys,0.002135,172.67
512,32,avx512_phys,0.003505,210.35,avx512_phys,0.002673,275.82
512,64,avx512_phys,0.003881,379.94,avx512_phys,0.00349,422.51
512,128,avx512_phys,0.005235,563.35,avx512_phys,0.005379,548.27
512,256,avx512_logical,0.008553,689.61,avx512_logical,0.008705,677.57
512,512,avx512_logical,0.014965,788.27,avx512_phys,0.016321,722.78
512,1024,avx512_logical,0.030172,781.95,avx512_logical,0.030737,767.58
512,2048,avx512_logical,0.121917,387.03,avx512_logical,0.117015,403.25
512,4096,avx512_logical,0.488258,193.28,avx512_logical,0.502057,187.97
512,8192,avx512_logical,1.304683,144.67,avx512_logical,1.268372,148.81
512,16384,avx512_logical,2.81104,134.29,avx512_logical,2.827194,133.52
512,32768,avx512_logical,5.780767,130.6,avx512_logical,5.818462,129.76
512,65536,avx512_logical,11.646291,129.65,avx512_logical,11.762393,128.37
1024,1,avx512_phys,0.001216,42.11,avx512_logical,0.000761,67.28
1024,2,avx512_logical,0.002544,40.25,avx512_phys,0.00197,51.98
1024,4,avx512_logical,0.002764,74.1,avx512_phys,0.002046,100.1
1024,8,avx512_logical,0.003887,105.38,avx512_logical,0.002778,147.44
1024,16,avx512_phys,0.003808,215.13,avx512_phys,0.002931,279.5
1024,32,avx512_logical,0.004873,336.22,avx512_phys,0.004379,374.15
1024,64,avx512_phys,0.00558,587.24,avx512_phys,0.00577,567.9
1024,128,avx512_phys,0.00958,684.09,avx512_phys,0.009481,691.24
1024,256,avx512_phys,0.01807,725.36,avx512_phys,0.017984,728.83
1024,512,avx512_phys,0.035688,734.54,avx512_phys,0.035359,741.38
1024,1024,avx512_logical,0.122308,428.66,avx512_logical,0.122692,427.32
1024,2048,avx512_phys,0.508481,206.22,avx512_logical,0.506317,207.1
1024,4096,avx512_logical,1.295582,161.87,avx512_phys,1.298951,161.45
1024,8192,avx512_phys,2.8828,145.49,avx512_logical,2.884777,145.39
1024,16384,avx512_logical,6.025761,139.21,avx512_logical,6.003143,139.74
1024,32768,avx512_phys,12.257294,136.88,avx512_logical,12.065852,139.05
1024,65536,avx512_logical,23.801154,140.98,avx512_logical,24.166751,138.85
2048,1,avx512_phys,0.00155,72.67,avx512_phys,0.001516,74.3
2048,2,avx512_phys,0.002457,91.69,avx512_phys,0.00266,84.69
2048,4,avx512_phys,0.003201,140.76,avx512_phys,0.003072,146.67
2048,8,avx512_phys,0.003635,247.9,avx512_phys,0.003208,280.9
2048,16,avx512_phys,0.004797,375.7,avx512_phys,0.004608,391.11
2048,32,avx512_phys,0.007367,489.27,avx512_phys,0.007309,493.16
2048,64,avx512_phys,0.011816,610.1,avx512_phys,0.011846,608.56
2048,128,avx512_phys,0.020723,695.74,avx512_phys,0.021198,680.15
2048,256,avx512_logical,0.04172,691.18,avx512_logical,0.042618,676.61
2048,512,avx512_logical,0.129116,446.67,avx512_logical,0.12807,450.31
2048,1024,avx512_logical,0.526331,219.15,avx512_phys,0.514751,224.08
2048,2048,avx512_phys,1.326364,173.92,avx512_phys,1.357191,169.97
2048,4096,avx512_logical,2.976943,154.98,avx512_logical,2.966295,155.54
2048,8192,avx512_logical,6.000556,153.78,avx512_logical,6.107318,151.09
2048,16384,avx512_logical,12.189118,151.41,avx512_logical,12.254752,150.59
2048,32768,avx512_logical,24.37039,151.45,avx512_logical,24.883175,148.33
2048,65536,avx512_logical,48.946577,150.82,avx512_logical,49.997726,147.65
4096,1,avx512_phys,0.003678,66.82,avx512_phys,0.003739,65.73
4096,2,avx512_phys,0.004676,105.12,avx512_phys,0.004658,105.52
4096,4,avx512_phys,0.004886,201.2,avx512_phys,0.00496,198.19
4096,8,avx512_phys,0.005025,391.26,avx512_phys,0.005524,355.92
4096,16,avx512_logical,0.008407,467.72,avx512_logical,0.008784,447.65
4096,32,avx512_logical,0.015007,524.04,avx512_logical,0.015354,512.2
4096,64,avx512_logical,0.027043,581.62,avx512_logical,0.02798,562.14
4096,128,avx512_logical,0.049468,635.91,avx512_logical,0.051183,614.6
4096,256,avx512_logical,0.139471,451.09,avx512_logical,0.138714,453.56
4096,512,avx512_phys,0.575309,218.72,avx512_logical,0.563946,223.12
4096,1024,avx512_phys,1.381286,182.19,avx512_phys,1.390379,181.0
4096,2048,avx512_phys,3.065541,164.19,avx512_phys,3.059316,164.52
4096,4096,avx512_phys,6.3721,157.98,avx512_logical,6.430283,156.55
4096,8192,avx512_phys,12.990976,154.97,avx512_logical,12.860942,156.54
4096,16384,avx512_phys,25.65617,156.94,avx512_phys,26.454965,152.2
4096,32768,avx512_phys,51.374038,156.75,avx512_logical,51.692287,155.79
8192,1,avx512_phys,0.008862,60.09,avx512_phys,0.008791,60.57
8192,2,avx512_phys,0.018544,57.43,avx512_phys,0.017618,60.45
8192,4,avx512_phys,0.033911,62.81,avx512_phys,0.035276,60.38
8192,8,avx512_phys,0.010467,406.98,avx512_phys,0.010693,398.38
8192,16,avx512_logical,0.017075,498.96,avx512_logical,0.017309,492.21
8192,32,avx512_logical,0.031469,541.46,avx512_logical,0.032224,528.78
8192,64,avx512_logical,0.064147,531.26,avx512_logical,0.065397,521.11
8192,128,avx512_logical,0.159054,428.52,avx512_logical,0.165215,412.54
8192,256,avx512_phys,0.550424,247.65,avx512_phys,0.546121,249.61
8192,512,avx512_phys,1.348984,202.1,avx512_phys,1.366803,199.47
8192,1024,avx512_phys,2.984618,182.69,avx512_phys,3.086194,176.68
8192,2048,avx512_phys,6.282256,173.59,avx512_phys,6.245661,174.6
8192,4096,avx512_phys,12.675514,172.07,avx512_phys,13.379549,163.01
8192,8192,avx512_phys,25.552542,170.71,avx512_phys,25.835918,168.84
8192,16384,avx512_phys,51.171401,170.49,avx512_phys,51.549556,169.24
16384,1,avx512_phys,0.012527,91.55,avx512_phys,0.012611,90.94
16384,2,avx512_phys,0.041818,54.85,avx512_phys,0.041713,54.99
16384,4,avx512_phys,0.093044,49.3,avx512_phys,0.092238,49.74
16384,8,avx512_phys,0.022706,404.08,avx512_phys,0.023283,394.07
16384,16,avx512_logical,0.038721,473.91,avx512_logical,0.039014,470.35
16384,32,avx512_logical,0.089152,411.66,avx512_phys,0.095423,384.6
16384,64,avx512_phys,0.198561,369.66,avx512_phys,0.201,365.18
16384,128,avx512_phys,0.579332,253.4,avx512_phys,0.594235,247.04
16384,256,avx512_phys,1.37892,212.92,avx512_phys,1.428529,205.53
16384,512,avx512_phys,3.030969,193.73,avx512_phys,3.076979,190.84
16384,1024,avx512_phys,6.335804,185.36,avx512_phys,6.357345,184.73
16384,2048,avx512_phys,12.858669,182.66,avx512_phys,13.094529,179.37
16384,4096,avx512_phys,25.985285,180.78,avx512_phys,27.409393,171.39
16384,8192,avx512_phys,52.687795,178.32,avx512_phys,53.886184,174.35
32768,1,avx512_logical,0.017989,136.62,avx512_logical,0.01782,137.91
32768,2,avx512_phys,0.110579,44.45,avx512_phys,0.112035,43.87
32768,4,avx512_phys,0.244918,40.14,avx512_phys,0.246373,39.9
32768,8,avx512_phys,0.053866,364.99,avx512_phys,0.059014,333.15
32768,16,avx512_phys,0.115866,339.37,avx512_logical,0.119455,329.18
32768,32,avx512_phys,0.259443,303.12,avx512_phys,0.268054,293.39
32768,64,avx512_phys,0.658509,238.85,avx512_phys,0.674598,233.16
32768,128,avx512_phys,1.49861,209.91,avx512_phys,1.518767,207.12
32768,256,avx512_phys,3.355317,187.51,avx512_phys,3.280772,191.77
32768,512,avx512_phys,6.714069,187.41,avx512_phys,6.628925,189.82
32768,1024,avx512_phys,13.576078,185.37,avx512_phys,13.410679,187.66
32768,2048,avx512_phys,27.084079,185.83,avx512_phys,27.497355,183.04
32768,4096,avx512_phys,54.182668,185.79,avx512_phys,55.253584,182.18
65536,1,avx512_logical,0.035062,149.53,avx512_logical,0.035342,148.35
65536,2,avx512_phys,0.281747,37.22,avx512_phys,0.286662,36.58
65536,4,avx512_logical,0.143309,146.34,avx512_logical,0.144971,144.66
65536,8,avx512_phys,0.171811,244.12,avx512_phys,0.166686,251.63
65536,16,avx512_phys,0.408044,205.58,avx512_phys,0.404387,207.44
65536,32,avx512_phys,1.037012,161.78,avx512_phys,1.066888,157.25
65536,64,avx512_phys,2.176278,154.18,avx512_phys,2.250959,149.07
65536,128,avx512_phys,4.307867,155.78,avx512_phys,4.292733,156.33
65536,256,avx512_phys,8.505377,157.8,avx512_phys,8.513053,157.66
65536,512,avx512_phys,16.937449,158.49,avx512_phys,17.103201,156.95
65536,1024,avx512_phys,32.673276,164.31,avx512_phys,32.661877,164.37
65536,2048,avx512_phys,66.963608,160.35,avx512_phys,64.127926,167.44
131072,1,avx512_logical,0.068036,163.75,avx512_logical,0.067086,166.07
131072,2,avx512_phys,0.676484,32.94,avx512_phys,0.675905,32.97
131072,4,avx512_phys,0.278393,160.08,avx512_phys,0.275984,161.47
131072,8,avx512_phys,0.617186,144.41,avx512_phys,0.607338,146.75
131072,16,avx512_logical,1.605196,111.05,avx512_logical,1.582313,112.66
131072,32,avx512_logical,3.608191,98.81,avx512_logical,3.602305,98.97
131072,64,avx512_phys,7.192988,99.13,avx512_phys,7.35418,96.96
131072,128,avx512_phys,14.643606,97.38,avx512_logical,14.54165,98.07
131072,256,avx512_logical,28.269892,100.89,avx512_phys,29.49674,96.69
131072,512,avx512_phys,53.989456,105.65,avx512_logical,58.56905,97.39
131072,1024,avx512_logical,110.429208,103.31,avx512_logical,115.085548,99.13
262144,1,avx512_phys,0.13994,168.59,avx512_phys,0.145577,162.07
262144,2,avx512_phys,1.682813,28.04,avx512_phys,1.692246,27.88
262144,4,avx512_phys,0.614549,153.56,avx512_phys,0.599788,157.34
262144,8,avx512_phys,1.657272,113.89,avx512_phys,1.607073,117.45
262144,16,avx512_phys,3.776241,99.96,avx512_phys,3.777007,99.94
262144,32,avx512_phys,7.297942,103.45,avx512_phys,7.326183,103.05
262144,64,avx512_phys,14.701367,102.71,avx512_phys,14.907113,101.29
262144,128,avx512_phys,29.817896,101.28,avx512_phys,30.131257,100.22
262144,256,avx512_phys,59.29485,101.86,avx512_phys,62.518863,96.61
262144,512,avx512_phys,119.548361,101.04,avx512_phys,122.79699,98.37
524288,1,avx512_logical,0.264666,188.19,avx512_logical,0.263974,188.68
524288,2,avx512_phys,4.639862,21.47,avx512_phys,4.51476,22.06
524288,4,avx512_phys,1.54292,129.12,avx512_phys,1.506973,132.21
524288,8,avx512_phys,3.422603,116.42,avx512_phys,3.405727,117.0
524288,16,avx512_phys,6.886667,115.72,avx512_phys,6.890699,115.65
524288,32,avx512_phys,13.731324,116.07,avx512_phys,13.845245,115.12
524288,64,avx512_logical,27.410943,116.29,avx512_phys,27.794795,114.69
524288,128,avx512_phys,53.444525,119.29,avx512_phys,57.942292,110.03
524288,256,avx512_phys,113.883762,111.96,avx512_phys,113.11881,112.72
1048576,1,avx512_logical,0.540449,194.02,avx512_logical,0.523498,200.3
1048576,2,avx512_phys,11.515659,18.21,avx512_phys,11.42718,18.35
1048576,4,avx512_logical,3.561238,117.78,avx512_logical,3.523887,119.02
1048576,8,avx512_logical,6.922788,121.17,avx512_logical,6.961266,120.5
1048576,16,avx512_logical,13.777727,121.77,avx512_logical,13.960317,120.18
1048576,32,avx512_phys,29.319809,114.44,avx512_logical,28.168996,119.12
1048576,64,avx512_logical,54.15936,123.91,avx512_logical,59.80885,112.21
1048576,128,avx512_logical,113.847815,117.89,avx512_logical,117.259874,114.46
2097152,1,avx512_logical,1.368031,160.96,avx512_logical,1.373652,160.3
2097152,2,avx512_phys,26.086464,16.88,avx512_phys,25.928964,16.98
2097152,4,avx512_logical,7.169362,122.86,avx512_logical,7.144084,123.29
2097152,8,avx512_logical,14.423403,122.14,avx512_logical,14.574156,120.87
2097152,16,avx512_logical,28.645679,122.99,avx512_logical,32.35932,108.88
2097152,32,avx512_logical,58.949842,119.53,avx512_logical,63.132633,111.61
2097152,64,avx512_logical,127.975679,110.12,avx512_logical,126.862602,111.09
4194304,1,avx512_logical,3.552436,129.88,avx512_logical,3.589912,128.52
4194304,2,avx512_phys,57.408741,16.07,avx512_phys,57.35528,16.09
4194304,4,avx512_logical,15.736337,117.28,avx512_logical,15.663217,117.82
4194304,8,avx512_logical,32.020469,115.27,avx512_logical,31.473481,117.27
4194304,16,avx512_logical,64.907757,113.73,avx512_logical,66.32547,111.3
4194304,32,avx512_logical,133.25421,110.8,avx512_logical,138.235651,106.8
